,Aave Tokens,Algorand Ecosystem,Alleged SEC Securities,Analytics,Animal Racing,Animoca Brands,Aptos Ecosystem,Arbitrum Ecosystem,Arbitrum Nova Ecosystem,Art,Art Blocks Ecosystem,Artificial Intelligence (AI),Asset-backed Tokens,Asset Manager,Augmented Reality,Automated Market Maker (AMM),Avalanche Ecosystem,Axie Infinity,Azuki Ecosystem,Base Ecosystem,Big Data,Binance Launchpad,Binance Launchpool,BNB Chain Ecosystem,Bored Ape Ecosystem,BRC-20,Bridge Governance Tokens,Business Platform,Business Services,Canto Ecosystem,Cardano Ecosystem,Celer Network,Celo Ecosystem,Centralized Exchange (CEX),Charity,CNY Stablecoin,Collectibles,Communication,Compound Tokens,Cosmos Ecosystem,Cronos Ecosystem,Cryptocurrency,cToken,CyberKongz Ecosystem,DaoMaker Ecosystem,Decentralized Exchange (DEX),Decentralized Finance (DeFi),DeFi Index,DeLabs,DePIN,Derivatives,Discord Bots,Doodles LLC,Edgeware Ecosystem,Education,Energy,Entertainment,Environment,ETF,Eth 2.0 Staking,Ethereum Ecosystem,Ethereum PoS IOU,EthereumPoW Ecosystem,Ethereum PoW IOU,EUR Stablecoin,Exchange-based Tokens,F1 Partnership,Fan Token,Fantom Ecosystem,Farming-as-a-Service (FaaS),Finance / Banking,Fixed Interest,Fractionalized NFT,friend.tech,FTX Holdings,Gambling,Gaming (GameFi),GBP Stablecoin,Gig Economy,Gnosis Chain Ecosystem,Gotchiverse,Governance,Guild and Scholarship,Harmony Ecosystem,Healthcare,HECO Chain Ecosystem,Identity,IDR Stablecoin,Impossible Launchpad,Index,Infrastructure,Insurance,Internet Computer Ecosystem,Internet of Things (IOT),Interoperability,Investment,IoTeX Ecosystem,IOU tokens,Jack Butcher Ecosystem,JPY Stablecoin,KardiaChain Ecosystem,Klaytn Ecosystem,Kommunitas Launchpad,KRW Stablecoin,Large-Cap PFP,Launchpad,Layer 1 (L1),Layer 2 (L2),Legal,Lending/Borrowing,Leveraged Token,Linea Ecosystem,Liquid Staking Governance Tokens,Liquid Staking Tokens,LP Tokens,LSDFi,Mantle Ecosystem,Manufacturing,Marketing,Masternodes,Media,Meme,Memeland Ecosystem,Metagovernance,Metaverse,Metis Ecosystem,MEV Protection,Mid-Cap PFP,Mirrored Assets,Moonbeam Ecosystem,Moonriver Ecosystem,Move To Earn,MultiversX Ecosystem,Music,Near Protocol Ecosystem,NFT,NFT Index,NFT Marketplace,Niftex Shards,NounsDAO,Number,OCM Ecosystem,OEC Ecosystem,Ohm Fork,Olympus Pro,Optimism Ecosystem,Options,Oracle,Payment Solutions,Perpetuals,PFP / Avatar,Play To Earn,Polkadot Ecosystem,Polygon Ecosystem,Prediction Markets,Privacy Coins,Proof Ecosystem,Protocol,Pudgy Ecosystem,PulseChain Ecosystem,Real Estate,RealT Tokens,Real World Assets (RWA),Rebase Tokens,Reddit Points,Remittance,Retail,Seigniorage,SGD Stablcoin,Shibarium Ecosystem,Smart Contract Platform,SocialFi,Software,Solana Ecosystem,Sports,Stablecoins,Step Network Ecosystem,Storage,Structured Products,Sui Ecosystem,Synthetic Issuer,Synths,Technology & Science,Telegram Apps,Tenet Ecosystem,Terra Ecosystem,Tezos Ecosystem,Tokenized BTC,Tokenized Gold,Tokenized Products,Tokenized Stock,TokenSets,Tourism,TRY Stablecoin,USD Stablecoin,US Election 2020,uTokens,Velas Ecosystem,Virtual Reality,Wallets,Wormhole Assets,Wrapped-Tokens,XDC Ecosystem,Yearn Ecosystem,Yearn Vault Tokens,Yield Aggregator,Yield Farming,Zero Knowledge (ZK),Zilliqa Ecosystem,ZkSync Ecosystem
0,aaave,algo,bnb,grt,derc,btc,apt,usdt,usdc,btc,btc,rndr,paxg,10set,moc,uni,usdt,axs,btc,usdc,iq,matic,xvs,usdt,btc,ordi,rune,vet,link,usdt,ada,btc,celo,bnb,god,cnht,omi,hnt,ceth,atom,usdt,btc,ceth,btc,dao,uni,steth,iceth,btc,fil,snx,paal,btc,link,nwc,ewt,theta,ewt,detf,steth,eth,btc,usdt,btc,eurt,bnb,btc,bar,usdt,digits,xdc,pendle,dog,adam,btc,rlb,icp,btc,hyve,usdt,ghst,uni,ygg,usdt,solve,mdx,gal,idrt,idia,iceth,link,nxm,icp,vet,axl,10set,iotx,pi,btc,gyen,kai,nox,gq,btc,btc,dao,btc,matic,vai,mkr,eth2x-fli,knc,ldo,steth,crvrenwsbtc,oeth,usdt,tone,adx,dash,iq,doge,btc,cvx,icp,usdt,gno,btc,meth,usdt,usdt,gmt,egld,audio,usdt,icp,mvi,blur,btc,btc,1inch,btc,okt,sb,fxs,usdt,rbn,link,ach,dydx,btc,imx,dot,usdt,gno,xmr,btc,hbar,btc,dino,pro,btc,cfg,ohm,moon,btc,buy,frax,xsgd,shib,eth,theta,ant,usdt,flow,usdt,fitfi,fil,rbn,sui,snx,susd,ankr,unibot,tenet,lunc,usdt,wbtc,paxg,btc,btc,iceth,avinoc,tryb,usdt,btc,btc,usdt,cube,twt,wbtc,wbtc,xdc,yfi,yv1inch,cvx,uni,matic,zil,usdc
1,aammbptbalweth,opul,ada,cqt,rbw,eth,cake,usdc,dai,eth,eth,fet,xaut,mln,sph,crv,bnb,slp,eth,dai,dock,sand,alpha,bnb,eth,dfuk,axl,glm,grt,usdc,link,eth,ankr,leo,crg,tcnh,ghst,nkn,cusdc,cro,usdc,xrp,cwbtc,eth,alice,snx,link,dpi,eth,theta,dydx,mevfree,eth,icx,wnk,powr,mana,bct,mdf,cbeth,usdt,eth,ethw,eth,eurs,leo,eth,og,usdc,deo,kava,bond,nfd,foo,eth,sx,imx,eth,,usdc,gltr,icp,gf,usdc,dcn,bifi,sys,xidr,blt,dpi,fil,sure,ogy,miota,trac,,pli,,eth,jpyc,dpet,,fyn,eth,eth,ray,eth,mnt,jur,aave,btc2x-fli,usd+,fxs,reth,ycurve,pendle,usdc,,,bdx,adx,shib,eth,aura,sand,usdc,ata,eth,,usdc,bnb,sweat,utk,opul,usdc,imx,,id,eth,eth,api3,eth,sushi,time,spell,usdc,hxro,band,utk,gmx,eth,sand,link,bnb,sx,dash,eth,qnt,eth,pts,el,eth,polyx,temple,brick,eth,sg,fxs,,bone,bnb,hive,snt,usdc,chz,usdc,kcal,icp,iceth,cetus,stpt,seth,hunt,banana,tenx,ustc,xtz,hbtc,xaut,eth,eth,dpi,ava,,usdc,eth,eth,usdc,ncr,sfp,audio,wnxm,eurs,sushi,yvaave,yfi,aave,imx,xcad,wbtc
2,aammbptwbtcweth,buy,sol,dext,hams,usdt,celr,wbtc,arb,usdt,usdt,agix,ceth,cvp,ovr,1inch,usdc,,usdt,cbeth,cqt,egld,unfi,usdc,usdt,moon,stg,iotx,rpl,atom,api3,usdt,c98,okb,svs,,ygg,kin,cusdt,inj,wbtc,doge,cmkr,usdt,xcad,rune,dai,eth2x-fli,usdt,rndr,gmx,collab,usdt,bico,bcdt,rwn,enj,brkl,,ankr,bnb,usdt,xen,usdt,eurc,uni,usdt,city,wbtc,mvc,ceth,temp,hibayc,ice,usdt,fun,sand,usdt,,wbtc,kek,mkr,bpt,matic,trl,swftc,cvc,,high,eth2x-fli,ldo,wnxm,,hnt,hera,,gft,,usdt,,dfl,,eiv,usdt,usdt,auction,bnb,arb,dlt,comp,matic2x-fli-p,sis,rpl,frxeth,3crv,tenet,mnt,,,ont,rae,pepe,usdt,btrfly,axs,wbtc,vrsc,usdt,,matic,usdc,fitfi,mex,vib,link,theta,,super,usdt,usdt,0xbtc,usdt,multi,klima,pendle,wbtc,lyra,trb,xtp,gns,usdt,axs,astr,usdc,pnk,mask,usdt,egld,usdt,hoa,imo,usdt,pendle,sb,donut,usdt,cbtc,ustc,,leash,ada,deso,cvc,sol,sweat,dai,primal,ar,dpi,move,uma,sbtc,ethm,aimbot,,nex,you,tbtc,kau,usdt,usdt,eth2x-fli,loc,,dai,usdt,usdt,wbtc,vfox,c98,avax,renbtc,ecoin,kp3r,yvcomp,alpha,snx,mina,xsgd,busd
3,aammdai,lmwr,trx,prq,antx,bnb,multi,link,ohm,bnb,bnb,akt,cusdc,index,cube,cake,wbtc,,bnb,bal,orai,inj,ctk,doge,bnb,oshi,celr,dexe,band,canto,wmt,bnb,bifi,cro,help,,super,sylo,cdai,rune,dai,ltc,csushi,bnb,vr,crv,uni,mvi,bnb,ar,stpt,nolo,bnb,cqt,dacxi,wpr,hxro,mfet,,ankreth,usdc,bnb,bbdc,bnb,ageur,okb,bnb,santos,link,acyc,nexo,note,hibeanz,jeff,bnb,dg,axs,bnb,,link,fomo,aave,path,wbtc,lym,matter,ccd,,,xtn,grt,vai,,jasmy,kton,,wow,,bnb,,kphi,,ort,bnb,bnb,sfund,ada,op,,lqty,,ern,ankr,cbeth,renbtccurve,lbr,ctt,,,zen,wom,babydoge,bnb,index,rndr,dai,fold,bnb,,wbtc,matic,gst-sol,ride,lmwr,dai,sand,,looks,bnb,bnb,kp3r,bnb,wing,tem,syn,link,rdpx,api3,depay,perp,bnb,mana,ankr,matic,pros,dcr,bnb,gno,bnb,sex,brick,bnb,mpl,ampl,,bnb,gmb,bean,,nfai,sol,steem,dxd,link,bar,tusd,spex,hot,mvi,turbos,indy,seur,zyn,paal,,astro,doga,sbtc,vro,bnb,bnb,mvi,trvl,,tusd,bnb,bnb,dai,revo,cweb,axset,pbtc,gbex,xsushi,yvhegic,badger,crv,lrc,lunr,woo
4,aammuniaaveweth,cct,ton,vib,rat,xrp,wing,dai,moon,xrp,xrp,ocean,cusdt,nftx,arcona,osmo,link,,xrp,axl,instar,axs,bel,ton,xrp,$b20,syn,shr,trb,flow,coti,xrp,cusd,wbt,hth,,ern,adm,cbat,kava,busd,xlm,,xrp,caps,dydx,ldo,btc2x-fli,xrp,xch,uma,chart,xrp,fis,tut,elec,slp,,,creth2,steth,xrp,waifu,xrp,ceur,cro,xrp,lazio,dai,acap,cusdc,apw,hicoolcats,sis,xrp,winr,ape,xrp,,dai,fud,snx,avg,link,mtn,sashimi,meta,,,mvi,stx,dip,,iotx,,,zm,,xrp,,kusd-t,,vhc,xrp,xrp,10set,sol,imx,,xvs,,nfte,strd,sfrxeth,scurve,ogv,nfte,,,flux,somee,floki,xrp,pal,mana,metis,cow,xrp,,dai,wbtc,gene,itheum,moda,tusd,axs,,rari,xrp,xrp,aria20,xrp,for,,gel,dai,dpx,uma,catpay,mcb,xrp,gala,glmr,wbtc,rep,zec,xrp,ocean,xrp,chop,berry,xrp,nxra,time,,xrp,nyc,tomb,,xfund,trx,gal,axel,grt,city,busd,,sc,stf,suip,ctx,srune,grc,cgpt,,anc,up,renbtc,cgo,xrp,xrp,btc2x-fli,kema,,busd,xrp,xrp,busd,revo,coval,bnb,rendoge,srx,cream,yvlink,bel,comp,zec,gzil,lusd
5,aammunibatweth,xet,matic,push,snails,usdc,math,tusd,brick,usdc,usdc,sure,ohm,dextf,nitro,bal,dai,,usdc,prime,mdt,kava,ata,matic,usdc,trac,multi,cqt,uma,cshib,meld,usdc,plastik,bgb,munch,,rfox,jup,cuni,lunc,cro,atom,,usdc,orn,1inch,mkr,bed,usdc,hnt,gns,quicki,usdc,tidal,ode,fred,uos,,,beth,ton,usdc,shibaw,usdc,seur,wbt,usdc,psg,tusd,expo,cusdt,sfi,hifluf,mark,sol,bcb,gala,usdc,,uni,alpha,xec,guild,dai,lyfe,auto,kilt,,,btc2x-fli,ftm,uno,,dgb,,,ciotx,,usdc,,thg,,chicks,usdc,usdc,pols,trx,lrc,,cel,,ecp,bfc,seth2,,zero,wmnt,,,sys,lun,elon,usdc,,ilv,xcad,mevfree,usdc,,busd,dai,gst-eth,zpay,btsg,mkr,rndr,,gq,usdc,usdc,42,usdc,dfyn,,alcx,uni,premia,rlc,payt,quick,usdc,wemix,ksm,link,polk,bdx,usdc,waxp,usdc,dai,usp,usdc,tru,klima,,usdc,strx,share,,paw,dot,ssx,math,frax,santos,usdd,,ocean,jpg,usdcet,jrt,ousd,qlc,mevfree,,mir,hdao,pbtc,txau,usdc,usdc,bed,sand,,usdd,usdc,usdc,vlx,,gddy,people,wmatic,cgo,yve-crvdao,yvlusd,bifi,cake,azero,bolt,knc
6,aammunicrvweth,b3x,busd,radar,slime,steth,thl,uni,squad,steth,steth,trac,cdai,dht,dexio,knc,tusd,,steth,sdex,gxc,btt,wing,shib,steth,zbit,acx,cre,nmr,cpp,meld,steth,pact,gt,own,,coval,pirate,clink,okt,vvs,algo,,steth,derc,gno,aave,cai,steth,hot,hxro,asap,steth,kft,lol,xcf,combo,,,geth,matic,steth,pow,steth,euroe,snx,steth,juv,busd,,sxp,mph,hifriends,,trx,bepro,ilv,steth,,busd,,crv,hdao,tusd,innbc,filda,key,,,polx,rune,insur,,xyo,,,iousdt,,steth,,beco,,mxy,steth,steth,gafi,ton,skl,,eul,,hzn,xprt,msol,,ush,mpepe,,,mnw,rel,bitcoin,steth,,enj,bifi,bpro,steth,,frax,busd,moov,ash,rhythm,near,mana,,sudo,steth,steth,k21,steth,che,,thor,ldo,hegic,win,pay,kwenta,steth,ilv,ont,dai,plot,zen,steth,one,steth,doge,ctcn,steth,ctc,rome,,steth,,bac,,woof,matic,rly,dcb,fxs,lazio,frax,,emaid,,suia,dafi,,boa,xfund,,astroc,kalam,imbtc,xaur,steth,steth,eth2x-fli-p,starx,,frax,steth,steth,vlxpad,,cate,mana,wcro,lbt,cvp,yvrai,alpaca,yfi,zen,zwap,mav
7,aammunidaiusdc,brd,atom,jdb,zed,ada,cdt,ldo,dbl,ada,ada,iq,temple,bpt,,sushi,uni,,ada,tbtc,tara,sfp,hard,link,ada,cncl,sis,ogn,cel,bomb,indy,ada,auto,kcs,aog,,dpet,ixi,czrx,fet,elon,dash,,ada,gmm,cake,grt,eth2x-fli-p,ada,glm,pendle,tkb,ada,four,ski,,vra,,,dvt,wbtc,ada,rbf,ada,par,bgb,ada,afc,aave,,eurs,flash,himayc,,matic,rdt,enj,ada,,grt,,dash,unix,uni,hpo,can,tara,,,bed,rpl,cdt,,mxc,,,iowbtc,,ada,,vndc,,cher,ada,ada,ufo,dot,ctsi,,mpl,,leet,qi,stsol,,flash,minu,,,firo,udoo,leash,ada,,mc,mimatic,eden,ada,,frxeth,frax,wlkn,cyber,urqa,aave,flow,,x2y2,ada,ada,777,ada,pickle,,kp3r,op,bfr,xyo,,cap,ada,omi,ocean,tusd,ztg,dgb,ada,kda,ada,gplx,limex,ada,gfi,tem,,ada,,onc,,ryoshi,bch,moon,plr,rlb,psg,usdp,,blz,,sfloki,mir,,dvpn,mbot,,orne,kdao,,nnn,ada,ada,matic2x-fli-p,tiim,,usdp,ada,ada,auto,,tgt,elon,wglmr,pli,pickle,yvsnx,yfii,bal,hez,sco,usd+
8,aammunidaiweth,brz,fil,dck,marble,doge,move,mkr,moond,doge,doge,nmr,sb,yam,,joe,avax,,doge,usd+,data,fet,btcst,dai,doge,domo,hop,mln,cqt,ibex,djed,doge,ube,ht,,,pmon,ag8,caave,ant,ali,btg,,doge,cere,lrc,frax,cook,doge,akt,perp,hmnd,doge,para,edfi,,cot,,,,shib,doge,wethw,doge,eeur,gt,doge,acm,frax,,chsb,kae,himfers,,wbtc,xed,gmt,doge,,crv,,comp,ply,busd,,maki,cheq,,,eth2x-fli-p,elf,cover,,amb,,,dai-matic,,doge,,dnft,,aog,doge,doge,om,bch,sys,,tru,,dai+,swise,savax,,lsd,tarot,,,axel,img,ladys,doge,,floki,hera,mist,doge,,sfrxeth,ftm,defit,bhat,ptm,grt,ape,,move,doge,doge,b20,doge,elk,,bond,reth,matter,orai,,lvl,doge,gmt,stpt,uni,room,nu,doge,nu,doge,hex,,doge,boson,fhm,,doge,,mis,,sns,link,sbd,ptoy,woo,fitfi,paxg,,storj,,reap,mtlx,,adm,punk,,ply,kusd,,vnxau,doge,doge,jpg,xlab,,gusd,doge,doge,wave,,csix,dydx,wnear,xsp,akro,st-ycrv,sdt,sushi,pond,blox,mute
9,aammunilinkweth,choice,icp,bdp,dby,sol,abel,arb,weth,sol,sol,rlc,tbtc,astradao,,vvs,mkr,,sol,thales,fida,gmt,,tusd,sol,whee,boring,dnt,dext,scanto,occ,sol,krw,tkx,,,tower,fabric,ccomp,osmo,tonic,fet,,sol,vai,osmo,snx,matic2x-fli-p,sol,lpt,mcb,meowl,sol,,aem,,cos,,,,link,sol,lfg,sol,veur,rune,sol,gal,snx,,poly,,himoonbirds,,apt,scs,mc,sol,,gno,,cake,ggg,cro,,krw,idna,,,matic2x-fli-p,axl,yam,,xdata,,,vita,,sol,,,,pxp,sol,sol,pinksale,avax,metis,,alcx,,scm,sd,ankreth,,agi,lend,,,pivx,cfl,bad,sol,,magic,dxp,rook,sol,,axl,fxs,dose,proteo,husl,sand,chz,,frtn,sol,sol,pbtc35a,sol,o3,,sdt,aave,deri,dia,,apex,sol,mc,polyx,busd,fvt,erg,sol,mvl,sol,hex,,sol,pro,base,,sol,,bas,,wbone,avax,brick,fls,hnt,juv,xaut,,rss3,,spepe,hzn,,mass,bs,,ustc,myh,,gold,sol,sol,,,,lusd,sol,sol,bitorb,,$xdefi,eth,wone,xtt,yvboost,yvsusd,farm,stg,gal,zilpepe,wagmi
10,aammunimkrweth,defly,near,smartcredit,rabbits,trx,ani,reth,rum,trx,trx,dnx,susd,dough,,pendle,aave,,trx,sofi,xdata,band,,uni,trx,shib,itp,es,req,matrix,fact,trx,weth,woo,,,$locg,skm,,ankr,bifi,mx,,trx,fitfi,bal,inj,jpg,trx,sc,quick,none,trx,,,,og,,,,dai,trx,uniw,trx,eure,crv,trx,atm,ftm,,uma,,hipunks,,near,bets,floki,trx,,ankr,,mask,,aave,,fire,ufi,,,jpg,loomold,armor,,skey,,,iousdc,,trx,,,,shoe,trx,trx,uncx,atom,cweb,,ramp,,swi,fis,maticx,,lsd,bomb,,,dmd,apx,tsuka,trx,,pyr,hermes,cafe,trx,,mimatic,ankr,gst-bsc,wam,husky,1inch,gala,,ovo,trx,trx,ag8,trx,auto,,premia,frax,si,nest,,tig,trx,waxp,ewt,ldo,,nym,trx,rif,trx,icsa,,trx,cpool,share,,trx,,50c,,shibking,xlm,lbc,merge,gmt,acm,fdusd,,srx,,stz,xft,,telos,jdb,,,pxl,,lgold,trx,trx,,,,alusd,trx,trx,wavax,,walv,ftt,wpom,prnt,,yvsushi,rgt,joe,sys,fees,sis
11,aammunirenweth,fry,algo,glq,,ton,alt,grt,tmap,ton,ton,ali,10set,pnl,,bnt,grt,,ton,grg,amo,one,,atom,ton,meme,o3,six,ctk,multibtc,c3,ton,,mx,,,ionx,xjp,,akt,mtd,dcr,,ton,num,sushi,rune,ethv,ton,iotx,kwenta,advt,ton,,,,dome,,,,tusd,ton,,ton,jeur,kcs,ton,inter,crv,,solo,,hirenga,,mina,wgr,waxp,ton,,yfi,,dcr,,grt,,wht,etp,,,iethv,ctsi,tidal,,mobi,,,cyc,,ton,,,,kbox,ton,ton,swap,hbar,boba,,gfi,,axlusdc,mnde,ethx,,asx,wagmi,,,divi,atp,kishu,ton,,alice,tethys,,ton,,rmrk,multi,pumlx,rare,cent,icx,ilv,,bnu,ton,ton,x8x,ton,skill,,fox,snx,oil,phb,,ydf,ton,slp,trac,mkr,,xvg,ton,ult,ton,impls,,ton,klima,love,,ton,,ustc,,shiboshi,etc,lmwr,game,audio,gal,gusd,,shdw,,usdtet,peri,,lthn,loot,,,plenty,,mcau,ton,ton,,,,ustc,ton,ton,weth,,dua,1sol,sol,wxdc,,yvtusd,kalm,alpha,dusk,zlp,slr
12,aammunisnxweth,xgli,sand,uwl,,dot,stapt,usdd,,dot,dot,rss3,seth,ndx,,perp,usdd,,dot,well,equad,ctsi,,aave,dot,xing,xy,aria20,key,note,emp,dot,,fnsa,,,avg,bna,,band,mimatic,bdx,,dot,cpool,joe,crv,iethv,dot,ocean,bond,membot,dot,,,,stos,,,,leo,dot,,dot,eur-c,ht,dot,asr,fxs,,vgx,,hiundead,,1inch,dg,magic,dot,,bal,,ant,,frax,,bxh,auth,,,ethv,orbs,bright,,xrt,,,iobusd,,dot,,,,mono,dot,dot,mmpro,cro,dg,,qi,,busd,pstake,reth2,,raft,weth,,,oxen,spice,qom,dot,,ali,hum,,dot,,well,mim,kcal,plata,rocki,sc,fet,,,dot,dot,nlc,dot,celt,,ichi,crv,hget,wit,,pika,dot,mbox,dock,reth,,dnx,dot,keep,dot,invest,,dot,mimo,spa,,dot,,bdo,,fund,hbar,whale,bell,waves,atm,lusd,,stos,,spt,oks,,deq,wagiebot,,,ply,,,dot,dot,,,,crvusd,dot,dot,wbnb,,urus,ldo,wtao,blkz,,yvuni,cate,spell,ccd,carb,mvx
13,aammuniuniweth,gobtc,axs,dobo,,matic,suckr,frax,,matic,matic,heart,cbat,axiav3,,ray,frax,,matic,ern,scp,c98,,grt,matic,orpo,abr,avt,orai,blotr,revu,matic,,flex,,,egg,ktt,,axl,ful,rvn,,matic,sis,nrv,ceth,swave,matic,flux,thales,fbt,matic,,,,aioz,,,,uni,matic,,matic,,tkx,matic,tra,frxeth,,etn,,iazuki,,blur,hams,ron,matic,,trb,,ens,,snx,,con,baas,,,swave,pond,bmi,,geeq,,,ioeth,,matic,,,,geo$,matic,matic,idia,near,zks,,alpaca,,dai,bnc,scnsol,,,mandoge,,,sfd,ulg,volt,matic,,wild,nett,,matic,,tho,movr,ize,crt,,ont,omi,,,matic,matic,0xmr,matic,fin,,angle,frxeth,auc,hapi,,mvx,matic,ghst,blz,aave,,scrt,matic,meta,matic,base,,matic,bst,ram,,matic,,iron,,wbones,icp,donut,cdex,sushi,inter,eurt,,bzz,,usdcarb,sny,,4art,collab,,,quipu,,,matic,matic,,,,mim,matic,matic,wmatic,,lime,lunc,wusdr,,,yvusdc,gamma,lina,dg,dmz,kat
14,aammuniusdcweth,goeth,mana,bird,,ltc,tapt,crv,,ltc,ltc,0x0,cuni,,,quick,snx,,ltc,hop,ncdt,edu,,usdd,ltc,nals,,go,phb,sino,adax,ltc,,asd,,,revo,elya,,kda,vno,fnsa,,ltc,lss,vvs,fxs,,ltc,sweat,premia,ag,ltc,,,,soul,,,,okb,ltc,,ltc,,dydx,ltc,nap,lunc,,lcx,,idoodles,,ron,lfi,prime,ltc,,sushi,,yfi,,sand,,dog,,,,lsi,ardr,unn,,sntvt,,,ioshib,,ltc,,,,adr,ltc,ltc,cate,kas,cult,,slnd,,usdt,mstr,brg,,,,,,nrg,vidy,samo,ltc,,mbox,relay,,ltc,,albt,bifi,movez,super,,band,enj,,,ltc,ltc,plus1,ltc,kaka,,inv,cbeth,,flx,,krom,ltc,gods,pcx,grt,,dusk,ltc,wan,ltc,lucky,,ltc,regen,ork,,ltc,,iron,,pepe,apt,xtm,dad,msol,asr,alusd,,cru,,usdcbnb,xst,,qqq,dck,,,usdsc,,,ltc,ltc,,,,bean,ltc,ltc,,,wallet,maticpo,maaave,,,yvusdt,inv,badger,arrr,port,ido
15,aammuniwbtcusdc,gora,flow,vision,,bch,usdcet,fxs,,bch,bch,sdao,fei,,,orca,inj,,bch,extra,hart,celr,,frax,bch,rssc,,oxen,troy,tarot,cards,bch,,bmex,,,revo,,,loomold,corgiai,eurs,,bch,hapi,cet,rpl,,bch,storj,hegic,,bch,,,,vib,,,,busd,bch,,bch,,woo,bch,por,sfrxeth,,cbat,,imayc,,stg,delot,pyr,bch,,ewt,,mc,,axs,,edc,,,,,rad,nsure,,inxt,,,,,bch,,,,,bch,bch,bscpad,algo,brock,,hard,,usdc,,dvt,,,,,,meme,,aidoge,bch,,hook,gamefi,,bch,,stella,mimatic,mca,checkr,,bal,ens,,,bch,bch,milk2,bch,jf,,gro,sfrxeth,,skey,,forex,bch,ygg,pha,frax,,keep,bch,zrx,bch,trio,,bch,dextf,ohm,,bch,,,,bowl,vet,bbs,bnana,c98,tra,ustc,,aleph,,flame,,,s4f,chart,,,ctez,,,bch,bch,,,,dola,bch,bch,,,id,shib,wvlx,,,yvwbtc,gro,flm,firo,,zat
16,aammuniwbtcweth,galgo,chz,oja,,wbtc,hou,rpl,,wbtc,wbtc,key,sbtc,,,rvf,fxs,,wbtc,mbs,bdp,alpha,,inj,wbtc,$dog,,auto,fida,weth,dana,wbtc,,bmx,,,tech,,,kuji,fer,dgb,,wbtc,block,lina,lunc,,wbtc,wmt,cap,,wbtc,,,,cate,,,,cro,wbtc,,wbtc,,1inch,wbtc,arg,nexo,,mln,,milady,,kin,vnla,blz,wbtc,,trac,,bal,,ftm,,hfi,,,,,cqt,cvr,,sub,,,,,wbtc,,,,,wbtc,wbtc,xava,xrd,walv,,bzrx,,wavax,,stmatic,,,,,,hnst,,snail,wbtc,,xyo,aera,,wbtc,,glint,rmrk,wirtual,wegld,,api3,gmt,,,wbtc,wbtc,axiav3,wbtc,flux,,png,lusd,,xfund,,tcr,wbtc,tlm,lina,snx,,ator,wbtc,hopr,wbtc,pepe,,wbtc,factr,,,wbtc,,,,brick,near,gcr,inn,hxro,nap,eurs,,soul,,,,,,uwl,,,crnchy,,,wbtc,wbtc,,,,susd,wbtc,wbtc,,,1art,ust,mausdc,,,yvweth,oath,ray,rail,,space
17,aammuniyfiweth,hdl,btt,astro,,shib,,frxeth,,shib,shib,orai,time,,,kncl,gmx,,shib,krav,rating,lina,,axs,shib,byld,,abyss,ads,believe,gero,shib,,qash,,,bles,,,strd,mintme,flux,,shib,epik,dodo,dydx,,shib,pokt,lvl,,shib,,,,avt,,,,ldo,shib,,shib,,cake,shib,ufc,woo,,tryb,,mooncat,,slnd,wik,sweat,shib,,c98,,dao,,paxg,,mdx,,,,,mnw,,,fdz,,,,,shib,,,,,shib,shib,occ,egld,lai,,uft,,weth,,jitosol,,,,,,block,,bonk,shib,,ghst,monkex,,shib,,mfam,idia,ezy,iset-84e55e,,c98,blur,,,shib,shib,3crv,shib,wpc,,musd,wld,,marsh,,deri,shib,naka,cqt,sand,,0x0,shib,map,shib,phame,,shib,smt,,,shib,,,,dogpad,algo,dhb,mtns,cvc,moov,crvusd,,scp,,,,,,layer,,,tzbtc,,,shib,shib,,,,usx,shib,shib,,,blank,usdtpo,wbtc.e,,,yvyfi,vsp,tru,fra,,launch
18,aammusdc,mcau,nexo,krw,,link,,cbeth,,link,link,pnb,renbtc,,,cream,woo,,link,you,zco,win,,mana,link,pepe,,mitx,hai,crab,kube,link,,ngc,,,gxt,,,blz,mmf,ark,,link,bbs,bnt,gmx,,link,xyo,ipor,,link,,,,starl,,,,mkr,link,,link,,mx,link,mengo,ankr,,cuni,,punk,,mngo,coco,slp,link,,req,,rbn,,fxs,,ptd,,,,,wan,,,lynx,,,,,link,,,,,link,link,paid,xtz,weth,,cream,,wbnb,,stnear,,,,,,pac,,tama,link,,ygg,weth,,link,,eft,rome,step,aero,,cqt,audio,,,link,link,mco2,link,blade,,boo,alusd,,razor,,mmy,link,raca,ren,inj,,wan,link,fio,link,phiat,,link,trade,,,link,,,,eww,xdc,ooks,owo,acs,arg,pyusd,,zcn,,,,,,ascn,,,uno,,,link,link,,,,flexusd,link,link,,,plcu,usdtso,weth,,,yvboost,apw,rly,pivx,,wefi
19,aammusdt,octo,dash,vlk,,dai,,gmx,,dai,dai,phb,cwbtc,,,burger,1inch,,dai,star,iag,arkm,,ftm,dai,piza,,trcl,nct,cohm,lq,dai,,tch,,,dec,,,med,croid,deso,,dai,ipad,perp,nxm,,dai,oxt,bnc,,dai,,,,bepro,,,,qnt,dai,,dai,,lrc,dai,vcf,yfi,,vro,,anfd,,fida,zed,alice,dai,,perp,,tribe,,ht,,rice,,,,,cxo,,,iotx,,,,,dai,,,,,dai,dai,slim,inj,xdai,,for,,wmatic,,stusdt,,,,,,wgr,,vinu,dai,,raca,maia,,dai,,statik,elk,,bsk-baa025,,multi,floki,,,dai,dai,mp3,dai,,,bpt,bal,,umb,,fst,dai,hello,aca,rndr,,dero,dai,drep,dai,plsb,,dai,land,,,dai,,,,mswapf,stx,fwb,,ren,ufc,mim,,xpx,,,,,,mzr,,,usdtz,,,dai,dai,,,,mimatic,dai,dai,,,dexio,usdtet,weth.p,,,,quartz,quick,epic,,zf
20,aammwbtc,pbtc,luna,,,tusd,,sfrxeth,,tusd,tusd,fort,rai,,,jewel,comp,,tusd,tower,dx,beta,,rune,tusd,maxi,,ucx,vidt,cinu,$lobster,tusd,,deto,,,womi,,,nym,versa,mtl,,tusd,dafi,flm,1inch,,tusd,data,ydf,,tusd,,,,ntvrk,,,,mnt,tusd,,tusd,,btse,tusd,goz,alusd,,tkp,,wizard,,aury,888,uos,tusd,,badger,,sushi,,1inch,,,,,,,alu,,,flc,,,,,tusd,,,,,tusd,tusd,bdt,ftm,,,gear,,mendi,,stkatom,,,,,,smart,,cate,tusd,,ern,pro,,tusd,,zoo,auto,,,,forth,waxp,,,tusd,tusd,eth2,tusd,,,bank,axl,,mod,,ede,tusd,sidus,kilt,mana,,arrr,tusd,get,tusd,pls,,tusd,emp,,,tusd,,,,$0xs,imx,oly,,uxp,mengo,hay,,wsi,,,,,,quicki,,,wbtc.e,,,tusd,tusd,,,,r,tusd,tusd,,,brc,sand,,,,,tarot,alcx,zks,,zkid
21,aammweth,rio,ustc,,,leo,,pepe,,leo,leo,bad,txau,,,dvf,bat,,leo,alb,clbk,id,,kava,leo,grum,,apm,prq,leet,drip,leo,,nmx,,,fshn,,,bld,radio,xno,,leo,lai,ray,comp,,leo,cudos,jrt,,leo,,,,dep,,,,arb,leo,,leo,,bal,leo,asm,band,,yld,,hoodie,,aleph,arc,mbox,leo,,oxt,,uma,,comp,,,,,,,kp3r,,,,,,,,leo,,,,,leo,leo,tpad,kava,,,inv,,lvc,,statom,,,,,,bir,,catgirl,leo,,vr,ath,,leo,,alm,tem,,,,ampl,magic,,,leo,leo,p2ps,leo,,,yak,knc,,april,,sake,leo,gfal,auction,crv,,firo,leo,val,leo,yieldx,,leo,stbu,,,leo,,,,cryptq,xrd,mint,,ray,vcf,bean,,bdp,,,,,,pirb,,,weth.p,,,leo,leo,,,,zusd,leo,leo,,,,uni,,,,,eqx,bond,cheq,,fang
22,abal,yldy,amp,,,uni,,woo,,uni,uni,hera,seur,,,banana,ankr,,uni,synth,,wrx,,fxs,uni,szab,,mth,time,,mira,uni,,la,,,,,,btm,elk,steem,,uni,ooe,idex,lusd,,uni,cru,pika,,uni,,,,wchi,,,,reth,uni,,uni,,fnsa,uni,sccp,axl,,fsn,,,,srm,arena,hook,uni,,aura,,amp,,bat,,,,,,,kai,,,,,,,,uni,,,,,uni,uni,dcb,xec,,,bnc,,,,wstusdt,,,,,,enq,,mog,uni,,polis,paper,,uni,,$xcastr,zlk,,,,aurora,lyxe,,,uni,uni,fit,uni,,,quartz,trb,,idna,,opx,uni,gf,lit,fxs,,rail,uni,hns,uni,asic,,uni,detf,,,uni,,,,,eos,like,,kin,defit,dola,,pac,,,,,,tkb,,,wrap,,,uni,uni,,,,tor,uni,uni,,,,usdcpo,,,,,mta,qi,cult,,era
23,abat,akita,powr,,,avax,,comp,,avax,avax,vai,clink,,,lua,yfi,,avax,dackie,,hook,,frxeth,avax,insc,,id,push,,min,avax,,zmt,,,,,,scrt,auto,erg,,avax,hbb,mcb,gno,,avax,aleph,mvx,,avax,,,,bytz,,,,aave,avax,,avax,,sushi,avax,am,knc,,xpr,,,,oxy,bxc,combo,avax,,moon,,ctsi,,enj,,,,,,,fida,,,,,,,,avax,,,,,avax,avax,ipad,flow,,,oath,,,,mag,,,,,,blkc,,ban,avax,,tvk,unidx,,avax,,axlusdc,fhm,,,,cube,pla,,,avax,avax,usd1,avax,,,pool,stg,,brg,,palm,avax,wrld,dia,rpl,,hopr,avax,abt,avax,axe,,avax,labsv2,,,avax,,,,,egld,frtn,,tbtc,am,susd,,cls,,,,,,noisegpt,,,wbusd,,,avax,avax,,,,fei,avax,avax,,,,usdcet,,,,,vemp,alpaca,zkp,,zgem
24,abat,zone,omg,,,xlm,,lusd,,xlm,xlm,arc,xaur,,,boo,bal,,xlm,nfi,,gft,,fdusd,xlm,bank,,vex,qsp,,newm,xlm,,bir,,,,,,fct,frtn,pcx,,xlm,xend,dg,cake,,xlm,dimo,govi,,xlm,,,,chain,,,,grt,xlm,,xlm,,hxro,xlm,avl,sushi,,ethix,,,,maps,cc,ghst,xlm,,dia,,sure,,hot,,,,,,,xdata,,,,,,,,xlm,,,,,xlm,xlm,pbr,chz,,,anc,,,,lseth,,,,,,thc,,squidgrow,xlm,,loka,,,xlm,,d2o,relay,,,,oct,pyr,,,xlm,xlm,r34p,xlm,,,mta,ctsi,,ufi,,ovl,xlm,dome,pols,frxeth,,pivx,xlm,rep,xlm,beet,,xlm,wstusdt,,,xlm,,,,,xtz,mork,,zbc,avl,usx,,opct,,,,,,croc,,,wxtz,,,xlm,xlm,,,,ousd,xlm,xlm,,,,hbtc,,,,,tulip,orca,kma,,zkusd
25,abusd,akta,coti,,,xmr,,gno,,xmr,xmr,asto,czrx,,,apw,axl,,xmr,quack,,bar,,gala,xmr,drac,,plr,wit,,cml,xmr,,htb,,,,,,ctk,build,bfc,,xmr,dnxc,quick,cvx,,xmr,nodl,dafi,,xmr,,,,pet,,,,wbt,xmr,,xmr,,nrv,xmr,sauber,stg,,fuse,,,,polis,dxb,vra,xmr,,mimatic,,agld,,yfi,,,,,,,stos,,,,,,,,xmr,,,,,xmr,xmr,bondly,sui,,,bend,,,,reth,,,,,,klks,,wojak,xmr,,sidus,,,xmr,,dbl,mscp,,,,angle,efi,,,xmr,xmr,s4f,xmr,,,lqdr,kuji,,zap,,,xmr,derc,mxc,ape,,zano,xmr,dsla,xmr,apc,,xmr,rio,,,xmr,,,,,inj,yup,,polis,sauber,xsgd,,snm,,,,,,mef,,,wtz,,,xmr,xmr,,,,yusd,xmr,xmr,,,,,,,,,acs,dpx,id,,ibex
26,abusd,stbl,xyo,,,okb,,lrc,,okb,okb,imgnai,txag,,,pbr,knc,,okb,nfte,,troy,,twt,okb,n286,,akro,skey,,$pudgy,okb,,exm,,,,,,evmos,mmo,hc,,okb,isp,quick,cusdc,,okb,dvpn,mir,,okb,,,,mchc,,,,usdd,okb,,okb,,cet,okb,bft,orbs,,cwbtc,,,,ftt,fortune,gods,okb,,tpt,,wild,,lpt,,,,,,,aleph,,,,,,,,okb,,,,,okb,okb,vent,gno,,,quartz,,,,scanto,,,,,,btx,,hoge,okb,,atlas,,,okb,,hpo,mfam,,,,flx,rad,,,okb,okb,slnv2,okb,,,xrune,alpha,,bird,,,okb,rbls,adx,gala,,coval,okb,foam,okb,pinu,,okb,inx,,,okb,,,,,ftm,sry,,ramp,pumlx,flexusd,,kfx,,,,,,allin,,,wusdt,,,okb,okb,,,,usdx,okb,okb,,,,,,,,,pickle,tor,xft,,izi
27,acrv,stke,kin,,,busd,,ohm,,busd,busd,nfai,dgx,,,mtlx,btc.b,,busd,bvm,,loka,,nft,busd,bsv,,edg,wtc,,shen,busd,,bst,,,,,,orai,mshare,0xbtc,,busd,fear,orca,lrc,,busd,scp,mtlx,,busd,,,,dps,,,,frax,busd,,busd,,lina,busd,efc,spell,,grg,,,,bit,house,ygg,busd,,data,,cqt,,bal,,,,,,,prq,,,,,,,,busd,,,,,busd,busd,peak,azero,,,bifi,,,,ldot,,,,,,scc,,dog,busd,,wrld,,,busd,,ibtc,solar,,,,boring,gal,,,busd,busd,hve2,busd,,,rook,pendle,,room,,,busd,gafi,zrx,cbeth,,epic,busd,sero,busd,pln,,busd,stusdt,,,busd,,,,,neo,co,,mimatic,bft,mimatic,,tft,,,,,,fakeai,,,uusd,,,busd,busd,,,,husd,busd,busd,,,,,,,,,move,yfii,ufi,,kana
28,adai,arcc,vgx,,,etc,,ankr,,etc,etc,paal,shopx,,,brush,sushi,,etc,dip,,alpine,,sfrxeth,etc,biso,,adm,xfund,,sundae,etc,,cexd,,,,,,xprt,metf,tlos,,etc,hord,hdn,jst,,etc,zcn,ddx,,etc,,,,rfr,,,,xdc,etc,,etc,,dodo,etc,spfc,syn,,bbank,,,,mplx,jetton,tlm,etc,,hopr,,badger,,one,,,,,,,pnt,,,,,,,,etc,,,,,etc,etc,1art,kda,,,tarot,,,,stinj,,,,,,bbp,,turbo,etc,,rfox,,,etc,,$xcpha,finn,,,,ref,slp,,,etc,etc,4art,etc,,,spirit,syn,,utu,,,etc,aury,fis,sfrxeth,,bcn,etc,card,etc,prs,,etc,ondo,,,etc,,,,,flow,minds,,tryb,efc,eusd,,upr,,,,,,blkc,,,crdao,,,etc,etc,,,,cusd,etc,etc,,,,,,,,,mph,chess,yec,,meld
29,adai,block,rly,,,atom,,yfi,,atom,atom,pre,tem,,,bscs,uma,,atom,base,,tko,,pepe,atom,noot,,non,zmn,,tang,atom,,okdot1,,,,,,somm,svn,lto,,atom,conv,zrx,osmo,,atom,wifi,white,,atom,,,,iqn,,,,snx,atom,,atom,,bnt,atom,snft,cel,,crpt,,,,weth,knk,naka,atom,,ageur,,ghst,,sushi,,,,,,,ubt,,,,,,,,atom,,,,,atom,atom,maha,erg,,,qi,,,,stjuno,,,,,,gth,,dino,atom,,ads,,,atom,,flare,rib,,,,pickle,alice,,,atom,atom,g999,atom,,,bank,cyber,,bog,,,atom,ufo,map,nexo,,zkp,atom,olt,atom,plsx,,atom,,,,atom,,,,,miota,slcl,,atlas,spfc,tryb,,fil,,,,,,kwai,,,gif,,,atom,atom,,,,vst,atom,atom,,,,,,,,,value,farm,blkc,,ot
30,aenj,,lcx,,,hbar,,lpt,,hbar,hbar,soul,pbtc,,,mta,stg,,hbar,ede,,voxel,,woo,hbar,insf,,bob,edge,,zoo,hbar,,okdot2,,,,,,iris,mad,df,,hbar,$locg,psp,ohm,,hbar,foam,matter,,hbar,,,,dg,,,,imx,hbar,,hbar,,flex,hbar,ibfk,bfc,,pxp,,,,prt,lblock,raca,hbar,,dxd,,forth,,lyxe,,,,,,,ae,,,,,,,,hbar,,,,,hbar,hbar,kom,canto,,,eqx,,,,$stluna,,,,,,d,,hipp,hbar,,dome,,,hbar,,tfa,hydro,,,,xnl,id,,,hbar,hbar,gom2,hbar,,,scream,perp,,odin,,,hbar,dg,saito,woo,,bob,hbar,idna,hbar,rbc,,hbar,,,,hbar,,,,,lunc,somee,,vlx,snft,r,,de,,,,,,espr,,,,,,hbar,hbar,,,,bob,hbar,hbar,,,,,,,,,idle,ichi,hush,,rf
31,aeth,,mngo,,,fil,,bal,,fil,fil,dbc,ax,,,value,ctsi,,fil,bswap,,lazio,,zil,fil,jpeg,,ncash,mth,,hosky,fil,,one,,,,,,cudos,sphere,nct,,fil,crwny,ast,yfi,,fil,infra,deri,,fil,,,,igg,,,,sand,fil,,fil,,ren,fil,ybo,ankreth,,bax,,,,,monkgg,ern,fil,,xdata,,bond,,lina,,,,,,,hns,,,,,,,,fil,,,,,fil,fil,lpool,dnx,,,grain,,,,stosmo,,,,,,trc,,bob,fil,,aury,,,fil,,dot,spdr,,,,abr,ali,,,fil,fil,a5t,fil,,,,mim,,ares,,,fil,fitfi,hdx,1inch,,oxen,fil,block,fil,richai,,fil,,,,fil,,,,,cspr,skull,,orca,ibfk,zusd,,bttold,,,,,,blazex,,,,,,fil,fil,,,,djed,fil,fil,,,,,,,,,auto,fitfi,hid,,tarot
32,agusd,,rgt,,,icp,,axl,,icp,icp,vxv,zusd,,,unic,sure,,icp,bns,,acm,,1inch,icp,ospy,,xio,glq,,yummi,icp,,bito,,,,,,hard,clmrs,zano,,icp,xnl,bzrx,alusd,,icp,pumlx,si,,icp,,,,flp,,,,bgb,icp,,icp,,perp,icp,sam,multi,,dip,,,,,pla,polis,icp,,bzz,,alpaca,,storj,,,,,,,push,,,,,,,,icp,,,,,icp,icp,duck,qanx,,,smartcredit,,,,ststars,,,,,,bitg,,polydoge,icp,,ufo,,,icp,,xcusdt,btcbr,,,,cgt,wild,,,icp,icp,888,icp,,,,dola,,teer,,,icp,burger,om,comp,,onion,icp,html,icp,spark,,icp,,,,icp,,,,,sui,ff,,slnd,ybo,tor,,iag,,,,,,neobot,,,,,,icp,icp,,,,vai,icp,icp,,,,,,,,,akro,rgt,,,tes
33,asteth,,lbc,,,cro,,dao,,cro,cro,man,veur,,,tho,joe,,cro,seed,,dego,,comp,cro,wolv,,phnx,layer,,iag,cro,,tarm,,,,,,ux,crx,btu,,cro,game,kncl,cdai,,cro,wnt,opium,,cro,,,,mstr,,,,inj,cro,,cro,,wrx,cro,roush,gel,,mps,,,,,sbet,gog,cro,,dpi,,dpx,,ren,,,,,,,wit,,,,,,,,cro,,,,,cro,cro,zee,ccd,,,dop,,,,stevmos,,,,,,dogec,,cummies,cro,,boson,,,cro,,ausd,alm,,,,tri,uos,,,cro,cro,,cro,,,,tbtc,,dos,,,cro,pdt,rmrk,lusd,,part,cro,nft,cro,usdt,,cro,,,,cro,,,,,zil,karma,,dust,kcal,fei,,,,,,,,fusion,,,,,,cro,cro,,,,musd,cro,cro,,,,,,,,,hunny,nex,,,titi
34,aknc,,ngc,,,ldo,,bico,,ldo,ldo,botto,rendoge,,,rin,orbs,,ldo,bomb,,brd,,cake,ldo,oxbt,,cofi,ppt,,,ldo,,dft,,,,,,juno,shack,qrl,,ldo,dlta,hera,band,,ldo,dpr,oil,,ldo,,,,nitro,,,,axs,ldo,,ldo,,flm,ldo,ala,badger,,oto,,,,,live,hello,ldo,,ethix,,zrx,,front,,,,,,,csix,,,,,,,,ldo,,,,,ldo,ldo,cards,movr,,,jet,,,,,,,,,,crw,,huahua,ldo,,rmrk,,,ldo,,ceusdc,ibex,,,,pad,mbox,,,ldo,ldo,,ldo,,,,susd,,xeq,,,ldo,bwo,aleph,bat,,grin,ldo,dec,ldo,tetrap,,ldo,,,,ldo,,,,,flr,myria,,mngo,sam,ageur,,,,,,,,bolt,,,,,,ldo,ldo,,,,usdp,ldo,ldo,,,,,,,,,octo,soul,,,vc
35,aknc,,drgn,,,mkr,,knc,,mkr,mkr,lmwr,dot,,,cofi,savax,,mkr,foo,,perl,,sfp,mkr,ohms,,eved,ppay,,,mkr,,bf,,,,,,aleph,sky,wxt,,mkr,primal,xsushi,bal,,mkr,krest,fst,,mkr,,,,fnt,,,,rndr,mkr,,mkr,,idex,mkr,primal,mim,,clink,,,,,,alu,mkr,,coval,,hopr,,badger,,,,,,,dsla,,,,,,,,mkr,,,,,mkr,mkr,sale,tara,,,frin,,,,,,,,,,etho,,dogegf,mkr,,sph,,,mkr,,weth,pets,,,,baked,ogn,,,mkr,mkr,,mkr,,,,usx,,bry,,,mkr,ovr,sdn,sfp,,beam,mkr,dev,mkr,time,,mkr,,,,mkr,,,,,gno,blurt,,fida,roush,ousd,,,,,,,,zat,,,,,,mkr,mkr,,,,eosdt,mkr,mkr,,,,,,,,,apy,gamma,,,weth
36,alink,,salt,,,qnt,,trb,,qnt,qnt,mevfree,xrp,,,stella,alpha,,qnt,fortune,,porto,,fet,qnt,ormm,,tern,satt,,,qnt,,vd,,,,,,stars,dark,epic,,qnt,wam,eps,rbn,,qnt,honey,hget,,qnt,,,,vibe,,,,mana,qnt,,qnt,,asd,qnt,dzg,dola,,jrt,,,,,,tvk,qnt,,fox,,yfii,,ygg,,,,,,,frm,,,,,,,,qnt,,,,,qnt,qnt,oxb,nexa,,,nord,,,,,,,,,,phr,,babyshib,qnt,,dg,,,qnt,,wavax,dbl,,,,oin,combo,,,qnt,qnt,,qnt,,,,lyra,,win,,,qnt,mcade,prq,mask,,nav,qnt,dos,qnt,swap,,qnt,,,,qnt,,,,,astr,main,,shdw,galo,ceur,,,,,,,,bbot,,,,,,qnt,qnt,,,,usds,qnt,qnt,,,,,,,,,tenfi,toke,,,zcult
37,alink,,mir,,,mnt,,btc.b,,mnt,mnt,jim,ccomp,,,ube,spell,,mnt,ftw,,,,dfi,mnt,@lfg,,dappt,efx,,,mnt,,bnk,,,,,,math,mimas,bcd,,mnt,navi,vite,knc,,mnt,mobile,oks,,mnt,,,,kdg,,,,gt,mnt,,mnt,,mcb,mnt,navi,susd,,wallet,,,,,,loka,mnt,,brick,,dxd,,bake,,,,,,,vsys,,,,,,,,mnt,,,,,mnt,mnt,zero,cudos,,,rcn,,,,,,,,,,cato,,dingo,mnt,,bwo,,,mnt,,wglmr,wbnb,,,,dana,xyo,,,mnt,mnt,,mnt,,,,bifi,,gora,,,mnt,wemix$,ichi,ankr,,crp,mnt,rem,mnt,tyrh,,mnt,,,,mnt,,,,,xch,srly,,aury,ala,gyen,,,,,,,,rushai,,,,,,mnt,mnt,,,,cusd,mnt,mnt,,,,,,,,,oh,verse,,,zkdoge
38,amana,,krom,,,apt,,magic,,apt,apt,gny,yvcomp,,,erowan,pendle,,apt,gold,,,,mask,apt,shnt,,buidl,oja,,,apt,,zaif,,,,,,xki,dusd,idrt,,apt,smty,lon,trb,,apt,iot,lien,,apt,,,,fti,,,,ftm,apt,,apt,,dg,apt,lufc,bifi,,adk,,,,,,sidus,apt,,pnk,,amb,,bifi,,,,,,,foam,,,,,,,,apt,,,,,apt,apt,babi,rxd,,,duck,,,,,,,,,,swift,,jesus,apt,,burger,,,apt,,tmap,weth,,,,wanna,ghst,,,apt,apt,,apt,,,,usd+,,,,,apt,xdg,math,gmt,,xhv,apt,wone,apt,usdc,,apt,,,,apt,,,,,qtum,rdf,,aleph,primal,yusd,,,,,,,,light,,,,,,apt,apt,,,,usds,apt,apt,,,,,,,,,bunny,gear,,,zkpepe
39,amana,,tkn,,,vet,,sushi,,vet,vet,roko,cvxcrv,,,spirit,syn,,vet,binu,,,,ankr,vet,sats,,bly,rook,,,vet,,ftt,,,,,,cheq,fira,ppc,,vet,fame,srm,stpt,,vet,fry,phx,,vet,,,,cleg,,,,usdp,vet,,vet,,lcx,vet,mibr,mimatic,,rdd,,,,,,atlas,vet,,fuse,,chess,,reef,,,,,,,sha,,,,,,,,vet,,,,,vet,vet,mnst,fuse,,,trava,,,,,,,,,,prcy,,elmo,vet,,ovr,,,vet,,rum,wavax,,,,wnear,gods,,,vet,vet,,vet,,,,mimatic,,,,,vet,cgl,dego,yfi,,apl,vet,nii,vet,wheth,,vet,,,,vet,,,,,dfi,simp,,prq,dzg,usdx,,,,,,,,jetton,,,,,,vet,vet,,,,usdk,vet,vet,,,,,,,,,snob,banana,,,zksp
40,amkr,,dfx,,,arb,,gns,,arb,arb,boot,crvrenwsbtc,,,zero,beta,,arb,ice,,,,gmt,arb,vmpx,,type,ecte,,,arb,,max,,,,,,astro,ness,xdag,,arb,brkl,burger,tribe,,arb,sfx,sake,,arb,,,,znz,,,,paxg,arb,,arb,,quick,arb,all,kp3r,,czrx,,,,,,gfal,arb,,uncx,,ast,,mimatic,,,,,,,lamb,,,,,,,,arb,,,,,arb,arb,launch,epic,,,sync,,,,,,,,,,telos,,wsb,arb,,asto,,,arb,,athusd,dbl,,,,geth,ygg,,,arb,arb,,arb,,,,seth,,,,,arb,soul,avt,glm,,sero,arb,new,arb,flow,,arb,,,,arb,,,,,rose,intx,,srm,lufc,wemix$,,,,,,,,clone,,,,,,arb,arb,,,,zusd,arb,arb,,,,,,,,,xtk,bnc,,,on
41,amkr,,ddx,,,op,,stg,,op,op,moov,ycurve,,,swrv,eurc,,op,ink,,,,sxp,op,,,bcna,dec,,,op,,best,,,,,,ion,phnx,qtcon,,op,f2c,cow,crvusd,,op,drf,auc,,op,,,,gfx,,,,xaut,op,,op,,bmex,op,leg,alpaca,,plr,,,,,,gf,op,,pnt,,farm,,ampl,,,,,,,glq,,,,,,,,op,,,,,op,op,cfi,soul,,,ersdl,,,,,,,,,,boli,,nfd,op,,cube,,,op,,,wftm,,,,pulse,rare,,,op,op,,op,,,,kwenta,,,,,op,jewel,pdex,band,,xft,op,seele,op,,,op,,,,op,,,,,azero,cheel,,ichi,davis,husd,,,,,,,,laelaps,,,,,,op,op,,,,usdb,op,op,,,,,,,,,mcrn,oath,,,unkmav
42,amaave,,iht,,,near,,ctsi,,near,near,lai,egx,,,wasp,ankreth,,near,jeff,,,,mc,near,,,bnana,snet,,,near,,,,,,,,swth,xcrx,btc2,,near,portx,nex,sushi,,near,wpokt,sny,,near,,,,sngls,,,,crv,near,,near,,quick,near,uch,ice,,pay,,,,,,wagmigames,near,,cow,,kncl,,zrx,,,,,,,strong,,,,,,,,near,,,,,near,near,dis,wit,,,ply,,,,,,,,,,axe,,pepe,near,,mlt,,,near,,,xcksm,,,,crf,tlm,,,near,near,,near,,,,bond,,,,,near,ixt,bnc,bal,,cloak,near,bttold,near,,,near,,,,near,,,,,hot,clxy,,samo,shi,cusd,,,,,,,,league,,,,,,near,near,,,,ycurve,near,near,,,,,,,,,flurry,lua,,,
43,amdai,,hydro,,,kas,,lqty,,kas,kas,cnd,yvhegic,,,lien,cqt,,kas,based,,,,babydoge,kas,,,amon,udo,,,kas,,,,,,,,aura,argo,pzm,,kas,kft,zks,api3,,kas,,acre,,kas,,,,kko,,,,ceth,kas,,kas,,bts,kas,davis,sd,,kick,,,,,,wrld,kas,,cvp,,xsushi,,kncl,,,,,,,top,,,,,,,,kas,,,,,kas,kas,poli,aura,,,ez,,,,,,,,,,ntrn,,monsta,kas,,gq,,,kas,,,tmap,,,,bnusd,super,,,kas,kas,,kas,,,,thales,,,,,kas,gst-sol,wchi,axl,,ghost,kas,vdg,kas,,,kas,,,,kas,,,,,icx,,,bonk,cai,vst,,,,,,,,lilai,,,,,,kas,kas,,,,wusdr,kas,kas,,,,,,,,,tarot,dyp,,,
44,amusdc,,emax,,,reth,,joe,,reth,reth,gai,yvlink,,,sake,multi,,reth,shard,,,,floki,reth,,,vpp,odin,,,reth,,,,,,,,dvpn,autos,ban,,reth,sphri,cap,msol,,reth,,palm,,reth,,,,cvt,,,,fxs,reth,,reth,,dpx,reth,cai,tor,,frin,,,,,,rfox,reth,,swash,,cream,,feg,,,,,,,ten,,,,,,,,reth,,,,,reth,reth,kpad,mtv,,,filda,,,,,,,,,,iq,,cinu,reth,,xdg,,,reth,,,,,,,meta,fine,,,reth,reth,,reth,,,,df,,,,,reth,sps,xed,iotx,,blank,reth,bdp,reth,,,reth,,,,reth,,,,,waves,,,mnde,apl,bob,,,,,,,,lbot,,,,,,reth,reth,,,,ustc,reth,reth,,,,,,,,,,usdp,,,
45,amusdt,,hex,,,aave,,kuji,,aave,aave,cdt,3crv,,,wex,mim,,aave,leet,,,,ont,aave,,,modex,ares,,,aave,,,,,,,,regen,bte,txau,,aave,ioi,jewel,uma,,aave,,cruize,,aave,,,,mftu,,,,rpl,aave,,aave,,xcm,aave,apl,fsn,,akro,,,,,,dome,aave,,torn,,tshare,,wise,,,,,,,rdn,,,,,,,,aave,,,,,aave,aave,poolz,xna,,,mfi,,,,,,,,,,arion,,4token,aave,,soul,,,aave,,,,,,,,bake,,,aave,aave,,aave,,,,psp,,,,,aave,cate,paid,ocean,,btcz,aave,audt,aave,,,aave,,,,aave,,,,,ont,,,gst-sol,stv,xidr,,,,,,,,mechx,,,,,,aave,aave,,,,xdai,aave,aave,,,,,,,,,,vsp,,,
46,amwbtc,,pls,,,grt,,sweth,,grt,grt,paint,renbtccurve,,,dana,nxra,,grt,mag,,,,axl,grt,,,actn,sata,,,grt,,,,,,,,mars,btcbr,btcp,,grt,msu,dvf,gns,,grt,,,,grt,,,,senso,,,,frxeth,grt,,grt,,bmx,grt,vit,kncl,,ccx,,,,,,derc,grt,,next,,ichi,,idrt,,,,,,,ugas,,,,,,,,grt,,,,,grt,grt,mcrn,aura,,,scream,,,,,,,,,,rup,,dobo,grt,,jewel,,,grt,,,,,,,,raca,,,grt,grt,,grt,,,,premia,,,,,grt,kmon,xrt,eurs,,ryo,grt,ipx,grt,,,grt,,,,grt,,,,,fnsa,,,taki,nlc,djed,,,,,,,,mxrbot,,,,,,grt,grt,,,,xusd,grt,grt,,,,,,,,,,apw,,,
47,amweth,,ftt,,,wbt,,rdnt,,wbt,wbt,dck,scurve,,,snob,sb,,wbt,mochi,,,,iotx,wbt,,,mnmc,lba,,,wbt,,,,,,,,mnta,bcro,met,,wbt,kt,swth,stg,,wbt,,,,wbt,,,,cvnt,,,,ape,wbt,,wbt,,psp,wbt,stv,premia,,hmq,,,,,,saito,wbt,,dip,,fitfi,,renbtc,,,,,,,odin,,,,,,,,wbt,,,,,wbt,wbt,$crdn,unq,,,finn,,,,,,,,,,din,,npc,wbt,,starl,,,wbt,,,,,,,,ern,,,wbt,wbt,,wbt,,,,acx,,,,,wbt,gene,lcs,knc,,ccx,wbt,,wbt,,,wbt,,,,wbt,,,,,tomo,,,roa,nov,vai,,,,,,,,moeta,,,,,,wbt,wbt,,,,ousd,wbt,wbt,,,,,,,,,,bend,,,
48,amwmatic,,,,,algo,,orbs,,algo,algo,smartcredit,yvlusd,,,mcrn,bifi,,algo,mochi,,,,dao,algo,,,iown,cfi,,,algo,,,,,,,,anc,candy,grin,,algo,spellfire,verse,amp,,algo,,,,algo,,,,bbc,,,,chz,algo,,algo,,chess,algo,nov,cream,,bft,,,,,,rbls,algo,,donut,,rari,,jewel,,,,,,,four,,,,,,,,algo,,,,,algo,algo,start,hmnd,,,rabbit,,,,,,,,,,dxo,,$sharbi,algo,,mv,,,algo,,,,,,,,phb,,,algo,algo,,algo,,,,fox,,,,,algo,wombat,ring,trb,,zcl,algo,,algo,,,algo,,,,algo,,,,,one,,,gene,rft,seur,,,,,,,,0x1,,,,,,algo,algo,,,,busd,algo,algo,,,,,,,,,,tetu,,,
49,arai,,,,,usdd,,celr,,usdd,usdd,bcube,maaave,,,zm,usd+,,usdd,based,,,,knc,usdd,,,nsd,cns,,,usdd,,,,,,,,foam,tusd,beam,,usdd,dfiat,banana,sure,,usdd,,,,usdd,,,,mag,,,,fdusd,usdd,,usdd,,ast,usdd,rft,deus,,blt,,,,,,voxel,usdd,,mps,,cvp,,dsla,,,,,,,gmat,,,,,,,,usdd,,,,,usdd,usdd,levl,$muu,,,hec,,,,,,,,,,send,,ethereum,usdd,,$raini,,,usdd,,,,,,,,hello,,,usdd,usdd,,usdd,,,,fuse,,,,,usdd,$raini,pswap,sushi,,eng,usdd,,usdd,,,usdd,,,,usdd,,,,,kda,,,step,tbft,musd,,,,,,,,neuroni,,,,,,usdd,usdd,,,,usdsc,usdd,usdd,,,,,,,,,,quartz,,,
50,aren,,,,,frax,,pond,,frax,frax,quad,mausdc,,,min,mimatic,,frax,based,,,,wbeth,frax,,,hptf,lmy,,,frax,,,,,,,,cmdx,croge,crp,,frax,btl,mevfree,rsr,,frax,,,,frax,,,,tfbx,,,,ht,frax,,frax,,bzrx,frax,fpft,coval,,lunes,,,,,,gafi,frax,,hop,,rgt,,srk,,,,,,,crw,,,,,,,,frax,,,,,frax,frax,hop,empire,,,dana,,,,,,,,,,spk,,smi,frax,,ntvrk,,,frax,,,,,,,,alu,,,frax,frax,,frax,,,,ooki,,,,,frax,fyn,pbr,api3,,blkc,frax,,frax,,,frax,,,,frax,,,,,ron,,,scnsol,arms,cnht,,,,,,,,news,,,,,,frax,frax,,,,scurve,frax,frax,,,,,,,,,,mtlx,,,
51,asnx,,,,,xdc,,spell,,xdc,xdc,brg,ohm,,,fuzz,ampl,,xdc,dai+,,,,sushi,xdc,,,gtn,axpr,,,xdc,,,,,,,,huahua,croissant,bip,,xdc,form,walv,c98,,xdc,,,,xdc,,,,geo,,,,tkx,xdc,,xdc,,kncl,xdc,for,tshare,,npx,,,,,,aury,xdc,,bao,,jewel,,juld,,,,,,,x42,,,,,,,,xdc,,,,,xdc,xdc,solr,dogs,,,fin,,,,,,,,,,saga,,edoge,xdc,,ncr,,,xdc,,,,,,,,tvk,,,xdc,xdc,,xdc,,,,wagmi,,,,,xdc,revv,bsx,uma,,sumo,xdc,,xdc,,,xdc,,,,xdc,,,,,lsk,,,gari,rage,usdp,,,,,,,,nex,,,,,,xdc,xdc,,,,kdai,xdc,xdc,,,,,,,,,,brush,,,
52,asnx,,,,,stx,,pendle,,stx,stx,ufi,yvrai,,,wasp,meld,,stx,boost,,,,ever,stx,,,,tcc,,,stx,,,,,,,,lamb,crk,mintme,,stx,next,dht,lqty,,stx,,,,stx,,,,gtc,,,,btt,stx,,stx,,hera,stx,lev,hegic,,yfl,,,,,,ufo,stx,,boring,,dego,,combo,,,,,,,etho,,,,,,,,stx,,,,,stx,stx,cxpad,,,,open,,,,,,,,,,crm,,$cramer,stx,,fyn,,,stx,,,,,,,,loka,,,stx,stx,,stx,,,,grg,,,,,stx,dep,bondly,gns,,xla,stx,,stx,,,stx,,,,stx,,,,,dgb,,,gst-eth,bls,par,,,,,,,,nbot,,,,,,stx,stx,,,,uusd,stx,stx,,,,,,,,,,tarot,,,
53,asusd,,,,,snx,,syn,,snx,snx,quicki,yvsnx,,,any,alu,,snx,adam,,,,stg,snx,,,,hndc,,,snx,,,,,,,,mir,crona,polydoge,,snx,yield,velo,joe,,snx,,,,snx,,,,dreams,,,,rlb,snx,,snx,,eps,snx,tbft,rgt,,toko,,,,,,vidt,snx,,pool,,index,,auto,,,,,,,gen,,,,,,,,snx,,,,,snx,snx,swap,,,,warp,,,,,,,,,,colx,,pepes,snx,,revv,,,snx,,,,,,,,sidus,,,snx,snx,,snx,,,,rai,,,,,snx,gst-eth,xor,stg,,krb,snx,,snx,,,snx,,,,snx,,,,,ctsi,,,prism,anka,eosdt,,,,,,,,omnia,,,,,,snx,snx,,,,iron,snx,snx,,,,,,,,,,sfi,,,
54,asusd,,,,,imx,,dodo,,imx,imx,bird,yvsusd,,,tcs,usp,,imx,baso,,,,ctsi,imx,,,,auc,,,imx,,,,,,,,like,crn,ooks,,imx,aln,cetus,nmr,,imx,,,,imx,,,,cyfm,,,,gala,imx,,imx,,srm,imx,anka,yoshi,,xcash,,,,,,volt,imx,,card,,toke,,tem,,,,,,,znn,,,,,,,,imx,,,,,imx,imx,blp,,,,kae,,,,,,,,,,zoc,,kuma,imx,,mcrt,,,imx,,,,,,,,gfal,,,imx,imx,,imx,,,,gamma,,,,,imx,3ull,shopx,ctsi,,hush,imx,,imx,,,imx,,,,imx,,,,,kub,,,blt,sports,usds,,,,,,,,ocd,,,,,,imx,imx,,,,,imx,imx,,,,,,,,,,bao,,,
55,atusd,,,,,xrd,,sdex,,xrd,xrd,noisegpt,yvsushi,,,alm,qi,,xrd,blaze,,,,sure,xrd,,,,jade,,,xrd,,,,,,,,mntl,cros,kat,,xrd,moma,lua,nrv,,xrd,,,,xrd,,,,ksc,,,,dydx,xrd,,xrd,,qash,xrd,ksk,kalm,,cns,,,,,,dg,xrd,,xpnet,,flx,,drc,,,,,,,loom,,,,,,,,xrd,,,,,xrd,xrd,light,,,,eqz,,,,,,,,,,vnx,,four,xrd,,xtm,,,xrd,,,,,,,,wagmigames,,,xrd,xrd,,xrd,,,,angle,,,,,xrd,mcrt,conv,ox,,veil,xrd,,xrd,,,xrd,,,,xrd,,,,,erg,,,slim,ksk,cusd,,,,,,,,osmo,,,,,,xrd,xrd,,,,,xrd,xrd,,,,,,,,,,bscs,,,
56,atusd,,,,,theta,,coti,,theta,eos,aiepk,swusd,,,fast,tryb,,eos,bmx,,,,c98,eos,,,,ylc,,,eos,,,,,,,,aura,ckracing,gleec,,eos,tcp,png,vvs,,eos,,,,eos,,,,min,,,,cbeth,eos,,eos,,hegic,eos,tigers,wagmi,,ftx,,,,,,bwo,eos,,giv,,radar,,hnd,,,,,,,iag,,,,,,,,eos,,,,,eos,eos,gmpd,,,,wkava,,,,,,,,,,bnode,,shib,eos,,senate,,,eos,,,,,,,,cos,,,eos,eos,,eos,,,,bob,,,,,eos,senate,edg,sure,,raze,eos,,eos,,,eos,,,,eos,,,,,strax,,,oxy,porto,usds,,,,,,,,pgs,,,,,,eos,eos,,,,,eos,eos,,,,,,,,,,gswap,,,
57,auni,,,,,eos,,ankreth,,eos,theta,fakeai,ousd,,,,zrx,,theta,usdbc,,,,krd,theta,,,,ich,,,theta,,,,,,,,olt,dexio,clo,,theta,dmlg,boo,xvs,,theta,,,,theta,,,,lordz,,,,nxm,theta,,theta,,swftc,theta,mcl,rise,,cot,,,,,,fitfi,theta,,plr,,xfund,,roy,,,,,,,de,,,,,,,,theta,,,,,theta,theta,,,,,larix,,,,,,,,,,zcr,,sov,theta,,dark,,,theta,,,,,,,,wrld,,,theta,theta,,theta,,,,torn,,,,,theta,wchi,unq,c98,,teer,theta,,theta,,,theta,,,,theta,,,,,ardr,,,scs,eses,usdk,,,,,,,,pro,,,,,,theta,theta,,,,,theta,theta,,,,,,,,,,eqx,,,
58,ausdc,,,,,sand,,multi,,sand,sand,trace,imbtc,,,,meld,,sand,choco,,,,edu,sand,,,,svc,,,sand,,,,,,,,dvpn,dxp,tkn,,sand,lev,nvt,wnxm,,sand,,,,sand,,,,,,,,sfrxeth,sand,,sand,,nex,sand,porto,sclp,,snn,,,,,,burger,sand,,swpr,,ctx,,magic,,,,,,,tft,,,,,,,,sand,,,,,sand,sand,,,,,titan,,,,,,,,,,zcr,,risita,sand,,boa,,,sand,,,,,,,,rfox,,,sand,sand,,sand,,,,next,,,,,sand,dark,cls,trac,,trtl,sand,,sand,,,sand,,,,sand,,,,,sgb,,,shill,duel,zusd,,,,,,,,rake,,,,,,sand,sand,,,,,sand,sand,,,,,,,,,,grain,,,
59,ausdc,,,,,egld,,perp,,egld,egld,kwai,txpt,,,,aleph,,egld,coin,,,,mura,egld,,,,sapp,,,egld,,,,,,,,plq,degg,prob,,egld,pera,dfyn,pond,,egld,,,,egld,,,,,,,,nexo,egld,,egld,,jewel,egld,bahia,temp,,senc,,,,,,asto,egld,,elk,,oath,,tranq,,,,,,,caj,,,,,,,,egld,,,,,egld,egld,,,,,tarot,,,,,,,,,,yce,,cat,egld,,rbw,,,egld,,,,,,,,dome,,,egld,egld,,egld,,,,ern,,,,,egld,rbw,akro,pla,,ird,egld,,egld,,,egld,,,,egld,,,,,omg,,,insur,dnz,veur,,,,,,,,reflex,,,,,,egld,egld,,,,,egld,egld,,,,,,,,,,tulip,,,
60,ausdt,,,,,xtz,,badger,,xtz,xtz,iai,yvtusd,,,,yusd,,xtz,bsx,,,,joe,xtz,,,,rth,,,xtz,,,,,,,,grav,gdrt,mobic,,xtz,isky,pswap,alpha,,xtz,,,,xtz,,,,,,,,gusd,xtz,,xtz,,dvf,xtz,verdao,mimo,,isla,,,,,,mcade,xtz,,auto,,dht,,imrtl,,,,,,,bbt,,,,,,,,xtz,,,,,xtz,xtz,,,,,sam,,,,,,,,,,acr,,cat,xtz,,mona,,,xtz,,,,,,,,derc,,,xtz,xtz,,xtz,,,,sonne,,,,,xtz,xed,zlk,edu,,phr,xtz,,xtz,,,xtz,,,,xtz,,,,,nym,,,euroe,goal,bac,,,,,,,,saint,,,,,,xtz,xtz,,,,,xtz,xtz,,,,,,,,,,monsta,,,
61,ausdt,,,,,bgb,,mim,,bgb,bgb,rushai,yvuni,,,,fitfi,,bgb,sam,,,,dexe,bgb,,,,stc,,,bgb,,,,,,,,kex,grve,bcdt,,bgb,kaka,the,spell,,bgb,,,,bgb,,,,,,,,pepe,bgb,,bgb,,swth,bgb,eses,ban,,evx,,,,,,gq,bgb,,snp,,dyp,,imrtl,,,,,,,fil,,,,,,,,bgb,,,,,bgb,bgb,,,,,madai,,,,,,,,,,monk,,poodl,bgb,,dyp,,,bgb,,,,,,,,rbls,,,bgb,bgb,,bgb,,,,ctx,,,,,bgb,dhb,ztg,iq,,zer,bgb,,bgb,,,bgb,,,,bgb,,,,,canto,,,hxd,,statik,,,,,,,,dung,,,,,,bgb,bgb,,,,,bgb,bgb,,,,,,,,,,pickle,,,
62,awbtc,,,,,bsv,,dola,,bsv,bsv,afy,yvusdc,,,,time,,bsv,unidx,,,,iq,bsv,,,,isikc,,,bsv,,,,,,,,btsg,kinu,cloak,,bsv,$anrx,apw,pendle,,bsv,,,,bsv,,,,,,,,woo,bsv,,bsv,,banana,bsv,dnz,$raini,,scap,,,,,,xdg,bsv,,haus,,dcb,,openx,,,,,,,,,,,,,,,bsv,,,,,bsv,bsv,,,,,mausdc,,,,,,,,,,lux,,shibx,bsv,,bpt,,,bsv,,,,,,,,aury,,,bsv,bsv,,bsv,,,,oath,,,,,bsv,cgg,room,pyr,,msr,bsv,,bsv,,,bsv,,,,bsv,,,,,chr,,,mbs,,onc,,,,,,,,shop,,,,,,bsv,bsv,,,,,bsv,bsv,,,,,,,,,,mph,,,
63,awbtc,,,,,inj,,tbtc,,inj,inj,ethfai,yv1inch,,,,wxt,,inj,aero,,,,ach,inj,,,,temco,,,inj,,,,,,,,dsm,lion,ghost,,inj,mgod,tetu,lina,,inj,,,,inj,,,,,,,,1inch,inj,,inj,,kan,inj,crtb,bsgg,,egg,,,,,,cgl,inj,,opium,,nrch,,usdsc,,,,,,,,,,,,,,,inj,,,,,inj,inj,,,,,maweth,,,,,,,,,,hth,,ppblz,inj,,mars4,,,inj,,,,,,,,ufo,,,inj,inj,,inj,,,,dht,,,,,inj,mbs,ceres,tel,,cash,inj,,inj,,,inj,,,,inj,,,,,btm,,,maps,,usdb,,,,,,,,snakebot,,,,,,inj,inj,,,,,inj,inj,,,,,,,,,,sashimi,,,
64,aweth,,,,,axs,,susd,,axs,axs,pixia,vdoge,,,,xeta,,axs,weth,,,,nrv,axs,,,,kzc,,,axs,,,,,,,,dawn,latom,txag,,axs,slc,wigo,dodo,,axs,,,,axs,,,,,,,,comp,axs,,axs,,ngc,axs,bufc,sftmx,,bitc,,,,,,kitty,axs,,agve,,ooks,,lop,,,,,,,,,,,,,,,axs,,,,,axs,axs,,,,,mawbtc,,,,,,,,,,gbx,,chad,axs,,vfox,,,axs,,,,,,,,boson,,,axs,axs,,axs,,,,velo,,,,,axs,hxd,rfuel,orbs,,prcy,axs,,axs,,,axs,,,,axs,,,,,qanx,,,wlkn,,xstusd,,,,,,,,sonicbot,,,,,,axs,axs,,,,,axs,axs,,,,,,,,,,zoo,,,
65,axsushi,,,,,rndr,,mcb,,rndr,rndr,tao,vnxau,,,,xen,,rndr,wblt,,,,mvl,rndr,,,,levelg,,,rndr,,,,,,,,ngm,lcro,xor,,rndr,sbg,ooe,bnt,,rndr,,,,rndr,,,,,,,,lusd,rndr,,rndr,,tch,rndr,saci,ern,,nnn,,,,,,soul,rndr,,vision,,bend,,fox,,,,,,,,,,,,,,,rndr,,,,,rndr,rndr,,,,,macrv,,,,,,,,,,,,metadoge,rndr,,aimx,,,rndr,,,,,,,,veed,,,rndr,rndr,,rndr,,,,hop,,,,,rndr,mars4,udo,elon,,xwp,rndr,,rndr,,,rndr,,,,rndr,,,,,scrt,,,hbb,,tcnh,,,,,,,,stridr,,,,,,rndr,rndr,,,,,rndr,rndr,,,,,,,,,,value,,,
66,ayfi,,,,,mana,,usx,,mana,mana,arbot,yvwbtc,,,,nex,,mana,basin,,,,prom,mana,,,,ctk,,,mana,,,,,,,,erowan,mmo,xdb,,mana,cws,krom,unfi,,mana,,,,mana,,,,,,,,tomi,mana,,mana,,dht,mana,atlas,dsla,,vlt,,,,,,jewel,mana,,uncl,,wallet,,doge,,,,,,,,,,,,,,,mana,,,,,mana,mana,,,,,mausdt,,,,,,,,,,,,kawa,mana,,mvi,,,mana,,,,,,,,opul,,,mana,mana,,mana,,,,extra,,,,,mana,$weapon,bmi,w$c,,axe,mana,,mana,,,mana,,,,mana,,,,,coti,,,king,,cadc,,,,,,,,swipe,,,,,,mana,mana,,,,,mana,mana,,,,,,,,,,shroom,,,
67,azrx,,,,,gt,,ladys,,gt,gt,aione,yvweth,,,,swap,,gt,bet,,,,rdnt,gt,,,,open,,,gt,,,,,,,,ixo,mhub,aion,,gt,mgg,mtlx,cqt,,gt,,,,gt,,,,,,,,gno,gt,,gt,,lua,gt,th,mcrt,,bnk,,,,,,ixt,gt,,stake,,krom,,btcbr,,,,,,,,,,,,,,,gt,,,,,gt,gt,,,,,,,,,,,,,,,,,ducker,gt,,bondly,,,gt,,,,,,,,rmrk,,,gt,gt,,gt,,,,jrt,,,,,gt,chain,ares,astrafer,,alias,gt,,gt,,,gt,,,,gt,,,,,dusk,,,dingo,,eusd,,,,,,,,bag,,,,,,gt,gt,,,,,gt,gt,,,,,,,,,,unic,,,
68,azrx,,,,,ftm,,lyra,,ftm,ftm,advt,wmatic,,,,kalm,,ftm,rebase,,,,orbs,ftm,,,,omega,,,ftm,,,,,,,,dec,burrow,free,,ftm,1sol,gswap,keep,,ftm,,,,ftm,,,,,,,,bat,ftm,,ftm,,jrt,ftm,sharks,oath,,ardx,,,,,,gst-sol,ftm,,dhv,,hzn,,ada,,,,,,,,,,,,,,,ftm,,,,,ftm,ftm,,,,,,,,,,,,,,,,,shih,ftm,,arv,,,ftm,,,,,,,,coval,,,ftm,ftm,,ftm,,,,pika,,,,,ftm,dose,deo,cvc,,lthn,ftm,,ftm,,,ftm,,,,ftm,,,,,tt,,,dfl,,busd,,,,,,,,teso,,,,,,ftm,ftm,,,,,ftm,ftm,,,,,,,,,,idle,,,
69,am3crv,,,,,rune,,bifi,,rune,rune,brain,xcusdt,,,,wagmi,,rune,bape,,,,xvs,rune,,,,fund,,,rune,,,,,,,,iov,paper,etp,,rune,bacon,ddx,ren,,rune,,,,rune,,,,,,,,cake,rune,,rune,,lcs,rune,gfk,boo,,azrx,,,,,,sps,rune,,crx,,pool,,btcb,,,,,,,,,,,,,,,rune,,,,,rune,rune,,,,,,,,,,,,,,,,,cabo,rune,,dfl,,,rune,,,,,,,,sph,,,rune,rune,,rune,,,,bank,,,,,rune,gmee,nsure,syn,,wscrt,rune,,rune,,,rune,,,,rune,,,,,aergo,,,media,,iron,,,,,,,,tetris,,,,,,rune,rune,,,,,rune,rune,,,,,,,,,,yam,,,
70,,,,,,neo,,usd+,,neo,neo,superstake,xdai,,,,idia,,neo,rckt,,,,elon,neo,,,,levl,,,neo,,,,,,,,odin,photon,wicc,,neo,,box,perp,,neo,,,,neo,,,,,,,,cvx,neo,,neo,,deto,neo,jdt,oni,,awbtc,,,,,,cate,neo,,0xmr,,collab,,eden,,,,,,,,,,,,,,,neo,,,,,neo,neo,,,,,,,,,,,,,,,,,kangal,neo,,ice,,,neo,,,,,,,,stars,,,neo,neo,,neo,,,,amkt,,,,,neo,dfl,hmx,dodo,,mwc,neo,,neo,,,neo,,,,neo,,,,,ccd,,,bdp,,anonusd,,,,,,,,aidev,,,,,,neo,neo,,,,,neo,neo,,,,,,,,,,swag,,,
71,,,,,,kava,,fpis,,kava,kava,sns,yvyfi,,,,rise,,kava,sis,,,,blz,kava,,,,bhig,,,kava,,,,,,,,vdl,rlm,next,,kava,,layer,front,,kava,,,,kava,,,,,,,,sfp,kava,,kava,,nmx,kava,,par,,rat,,,,,,starl,kava,,etho,,yf-dai,,lumen,,,,,,,,,,,,,,,kava,,,,,kava,kava,,,,,,,,,,,,,,,,,corgi,kava,,vemp,,,kava,,,,,,,,dg,,,kava,kava,,kava,,,,krom,,,,,kava,ice,cvr,cel,,btcp,kava,,kava,,,kava,,,,kava,,,,,boba,,,gst-bsc,,uusd,,,,,,,,tai,,,,,,kava,kava,,,,,kava,kava,,,,,,,,,,kcal,,,
72,,,,,,usdp,,0xbtc,,usdp,xec,nerf,yvdai,,,,rai,,xec,base,,,,shr,xec,,,,bloc,,,xec,,,,,,,,gard,scratch,mon,,xec,,belt,badger,,xec,,,,xec,,,,,,,,hbtc,xec,,xec,,ooe,xec,,lshare,,ausdt,,,,,,kompete,xec,,miva,,grain,,feg,,,,,,,,,,,,,,,xec,,,,,xec,xec,,,,,,,,,,,,,,,,,momo v2,xec,,sin,,,xec,,,,,,,,bwo,,,xec,xec,,xec,,,,bets,,,,,xec,dpet,poolz,sdex,,aeon,xec,,xec,,,xec,,,,xec,,,,,wan,,,tulip,,iron,,,,,,,,tuf,,,,,,xec,xec,,,,,xec,xec,,,,,,,,,,kuma,,,
73,,,,,,xec,,rdpx,,xec,usdp,umoon,yvusdt,,,,alot,,usdp,smudcat,,,,sfm,usdp,,,,xwc,,,usdp,,,,,,,,tick,single,enq,,usdp,,dax,mim,,usdp,,,,usdp,,,,,,,,cusdc,usdp,,usdp,,krom,usdp,,tetu,,ausdc,,,,,,kmon,usdp,,rare,,mta,,hex,,,,,,,,,,,,,,,usdp,,,,,usdp,usdp,,,,,,,,,,,,,,,,,sbonk,usdp,,atri,,,usdp,,,,,,,,fitfi,,,usdp,usdp,,usdp,,,,tarot,,,,,usdp,flame,gum,ali,,,usdp,,usdp,,,usdp,,,,usdp,,,,,movr,,,slrs,,eure,,,,,,,,fund,,,,,,usdp,usdp,,,,,usdp,usdp,,,,,,,,,,tho,,,
74,,,,,,paxg,,mimatic,,paxg,paxg,cafe,abat,,,,fevr,,paxg,squid,,,,gal,paxg,,,,mclb,,,paxg,,,,,,,,zco,tiger,svd,,paxg,,deri,mpl,,paxg,,,,paxg,,,,,,,,wld,paxg,,paxg,,mtlx,paxg,,wigo,,svc,,,,,,mv,paxg,,fr,,pickle,,wbnb,,,,,,,,,,,,,,,paxg,,,,,paxg,paxg,,,,,,,,,,,,,,,,,nishib,paxg,,polc,,,paxg,,,,,,,,burger,,,paxg,paxg,,paxg,,,,boring,,,,,paxg,dnxc,spdr,unfi,,,paxg,,paxg,,,paxg,,,,paxg,,,,,dero,,,jet,,jeur,,,,,,,,umoon,,,,,,paxg,paxg,,,,,paxg,paxg,,,,,,,,,,cofi,,,
75,,,,,,xaut,,bond,,xaut,xaut,cai,abat,,,,xava,,xaut,tarot,,,,alpha,xaut,,,,mclb,,,xaut,,,,,,,,cntr,deer,ax,,xaut,,sashimi,flm,,xaut,,,,xaut,,,,,,,,ilv,xaut,,xaut,,prob,xaut,,ooe,,atusd,,,,,,sipher,xaut,,prtcle,,paper,,weth,,,,,,,,,,,,,,,xaut,,,,,xaut,xaut,,,,,,,,,,,,,,,,,meme,xaut,,dps,,,xaut,,,,,,,,ovr,,,xaut,xaut,,xaut,,,,pool,,,,,xaut,gst-bsc,xstusd,btm,,,xaut,,xaut,,,xaut,,,,xaut,,,,,mtrg,,,sbr,,jchf,,,,,,,,wally,,,,,,xaut,xaut,,,,,xaut,xaut,,,,,,,,,,albt,,,
76,,,,,,crv,,zusd,,crv,crv,,abusd,,,,dextf,,crv,bald,,,,pendle,crv,,,,mch,,,crv,,,,,,,,acre,xdshare,scc,,crv,,value,ray,,crv,,,,crv,,,,,,,,elg,crv,,crv,,la,crv,,brush,,asusd,,,,,,fevr,crv,,wxdai,,maha,,feg,,,,,,,,,,,,,,,crv,,,,,crv,crv,,,,,,,,,,,,,,,,,3d3d,crv,,arcona,,,crv,,,,,,,,asto,,,crv,crv,,crv,,,,qi,,,,,crv,sin,noir,sx,,,crv,,crv,,,crv,,,,crv,,,,,kmd,,,depay,,ustc,,,,,,,,xbot,,,,,,crv,crv,,,,,crv,crv,,,,,,,,,,stella,,,
77,,,,,,ceth,,dpx,,ceth,ceth,,abusd,,,,bsgg,,ceth,axlusdc,,,,brise,ceth,,,,look,,,ceth,,,,,,,,awc,vshare,props,,ceth,,unic,hay,,ceth,,,,ceth,,,,,,,,bone,ceth,,ceth,,gswap,ceth,,treeb,,asnx,,,,,,kap,ceth,,xdai,,plr,,wavax,,,,,,,,,,,,,,,ceth,,,,,ceth,ceth,,,,,,,,,,,,,,,,,صباح الفر,ceth,,realm,,,ceth,,,,,,,,rari,,,ceth,ceth,,ceth,,,,collab,,,,,ceth,paper,wdot,cqt,,,ceth,,ceth,,,ceth,,,,ceth,,,,,ela,,,like,,xdai,,,,,,,,xfer,,,,,,ceth,ceth,,,,,ceth,ceth,,,,,,,,,,duck,,,
78,,,,,,flow,,hdn,,flow,flow,,adai,,,,cly,,flow,oath,,,,metis,flow,,,,,,,flow,,,,,,,,bcna,weth,krb,,flow,,zee,bel,,flow,,,,flow,,,,,,,,cusdt,flow,,flow,,oce,flow,,bifi,,amkr,,,,,,gene,flow,,xcomb,,tower,,mis,,,,,,,,,,,,,,,flow,,,,,flow,flow,,,,,,,,,,,,,,,,,pepecola,flow,,dg,,,flow,,,,,,,,mcade,,,flow,flow,,flow,,,,grain,,,,,flow,fear,xst,maticx,,,flow,,flow,,,flow,,,,flow,,,,,tlos,,,cope,,xusd,,,,,,,,xlrt,,,,,,flow,flow,,,,,flow,flow,,,,,,,,,,phtr,,,
79,,,,,,fxs,,thales,,fxs,fxs,,adai,,,,ern,,fxs,toshi,,,,lina,fxs,,,,,,,fxs,,,,,,,,loom,agl,mota,,fxs,,tho,idex,,fxs,,,,fxs,,,,,,,,fet,fxs,,fxs,,layer,fxs,,tarot,,tem,,,,,,wombat,fxs,,water,,hord,,wcro,,,,,,,,,,,,,,,fxs,,,,,fxs,fxs,,,,,,,,,,,,,,,,,updog,fxs,,avg,,,fxs,,,,,,,,cube,,,fxs,fxs,,fxs,,,,mta,,,,,fxs,tower,pen,req,,,fxs,,fxs,,,fxs,,,,fxs,,,,,kai,,,zap,,bdo,,,,,,,,mws,,,,,,fxs,fxs,,,,,fxs,fxs,,,,,,,,,,rook,,,
80,,,,,,rpl,,ageur,,rpl,rpl,,aenj,,,,dep,,rpl,moon,,,,syn,rpl,,,,,,,rpl,,,,,,,,statom,wcro,qrk,,rpl,,oil,wan,,rpl,,,,rpl,,,,,,,,omi,rpl,,rpl,,belt,rpl,,tomb,,amana,,,,,,$raini,rpl,,yfx,,pal,,wftm,,,,,,,,,,,,,,,rpl,,,,,rpl,rpl,,,,,,,,,,,,,,,,,dyor,rpl,,revo,,,rpl,,,,,,,,get,,,rpl,rpl,,rpl,,,,beets,,,,,rpl,gaia,,cbk,,,rpl,,rpl,,,rpl,,,,kcs,,,,,vlx,,,crwny,,jpyc,,,,,,,,0xs,,,,,,kcs,kcs,,,,,kcs,kcs,,,,,,,,,,trava,,,
81,,,,,,kcs,,df,,kcs,kcs,,aeth,,,,digits,,kcs,punk,,,,mav,kcs,,,,,,,kcs,,,,,,,,kyve,musd,x8x,,kcs,,kit,tru,,kcs,,,,kcs,,,,,,,,enj,kcs,,kcs,,bux,kcs,,mod,,the,,,,,,ntvrk,kcs,,jpyc,,ppay,,wone,,,,,,,,,,,,,,,kcs,,,,,kcs,kcs,,,,,,,,,,,,,,,,,rb,kcs,,trace,,,kcs,,,,,,,,gq,,,kcs,kcs,,kcs,,,,radio,,,,,kcs,rpg,,multi,,,kcs,,kcs,,,kcs,,,,rpl,,,,,tara,,,rin,,kdai,,,,,,,,advt,,,,,,rpl,rpl,,,,,rpl,rpl,,,,,,,,,,ersdl,,,
82,,,,,,frxeth,,dxd,,frxeth,frxeth,,aknc,,,,3ull,,frxeth,mark,,,,dodo,frxeth,,,,,,,frxeth,,,,,,,,meme,,veil,,frxeth,,rin,bean,,frxeth,,,,frxeth,,,,,,,,mx,frxeth,,frxeth,,sashimi,frxeth,,grain,,alink,,,,,,fyn,frxeth,,zenf,,depay,,fuzz,,,,,,,,,,,,,,,frxeth,,,,,frxeth,frxeth,,,,,,,,,,,,,,,,,crop,frxeth,,revo,,,frxeth,,,,,,,,swftc,,,frxeth,frxeth,,frxeth,,,,pickle,,,,,frxeth,dps,,gel,,,frxeth,,frxeth,,,frxeth,,,,frxeth,,,,,nuls,,,abr,,dusd,,,,,,,,aggrx,,,,,,frxeth,frxeth,,,,,frxeth,frxeth,,,,,,,,,,octo,,,
83,,,,,,miota,,sdt,,miota,miota,,aknc,,,,dsla,,miota,torch,,,,alice,miota,,,,,,,miota,,,,,,,,g-usdc,,mtr,,miota,,cofi,tbtc,,miota,,,,miota,,,,,,,,agix,miota,,miota,,unic,miota,,beets,,trv,,,,,,revv,miota,,jpyc,,shroom,,openx,,,,,,,,,,,,,,,miota,,,,,miota,miota,,,,,,,,,,,,,,,,,pypy,miota,,coc,,,miota,,,,,,,,hns,,,miota,miota,,miota,,,,paper,,,,,miota,klee,,ren,,,miota,,miota,,,miota,,,,miota,,,,,amb,,,port,,jpyc,,,,,,,,aibot,,,,,,miota,miota,,,,,miota,miota,,,,,,,,,,yfl,,,
84,,,,,,ape,,blid,,ape,ape,,alink,,,,oath,,ape,cloud,,,,sdex,ape,,,,,,,ape,,,,,,,,fund,,nitro,,ape,,excc,susd,,ape,,,,ape,,,,,,,,eurt,ape,,ape,,zmt,ape,,radio,,uca,,,,,,dep,ape,,eure,,idle,,paper,,,,,,,,,,,,,,,ape,,,,,ape,ape,,,,,,,,,,,,,,,,,doe,ape,,bmon,,,ape,,,,,,,,xdg,,,ape,ape,,ape,,,,elk,,,,,ape,zoo,,usdr,,,ape,,ape,,,ape,,,,ape,,,,,cudos,,,slcl,,ousd,,,,,,,,alfa,,,,,,ape,ape,,,,,ape,ape,,,,,,,,,,dough,,,
85,,,,,,chz,,lbr,,chz,chz,,alink,,,,dua,,chz,cookie,,,,beta,chz,,,,,,,chz,,,,,,,,ndau,,xdn,,chz,,fst,mcb,,chz,,,,chz,,,,,,,,lrc,chz,,chz,,fyp,chz,,vemp,,aknc,,,,,,gst-eth,chz,,jchf,,yam,,xya,,,,,,,,,,,,,,,chz,,,,,chz,chz,,,,,,,,,,,,,,,,,kitty,chz,,nitro,,,chz,,,,,,,,soul,,,chz,chz,,chz,,,,o3,,,,,chz,pgx,,wrx,,,chz,,chz,,,chz,,,,chz,,,,,fsn,,,chai,,usdsc,,,,,,,,ag,,,,,,chz,chz,,,,,chz,chz,,,,,,,,,,stnd,,,
86,,,,,,fdusd,,aury,,fdusd,fdusd,,amana,,,,png,,fdusd,,,,,id,fdusd,,,,,,,fdusd,,,,,,,,wkava,,nyzo,,fdusd,,stella,auction,,fdusd,,,,fdusd,,,,,,,,mask,fdusd,,fdusd,,kit,fdusd,,hyve,,aeth,,,,,,mcrt,fdusd,,jeur,,haus,,,,,,,,,,,,,,,,,fdusd,,,,,fdusd,fdusd,,,,,,,,,,,,,,,,,brepe,fdusd,,milk,,,fdusd,,,,,,,,gst-sol,,,fdusd,fdusd,,fdusd,,,,mmy,,,,,fdusd,frtn,,arpa,,,fdusd,,fdusd,,,fdusd,,,,fdusd,,,,,xpr,,,solape,,,,,,,,,,arbot,,,,,,fdusd,fdusd,,,,,fdusd,fdusd,,,,,,,,,,ez,,,
87,,,,,,ht,,premia,,ht,ht,,amana,,,,eiv,,ht,,,,,cyber,ht,,,,,,,ht,,,,,,,,bid,,vdl,,ht,,dex,dg,,ht,,,,ht,,,,,,,,ant,ht,,ht,,cofi,ht,,cover,,vndc,,,,,,senate,ht,,hny,,opium,,,,,,,,,,,,,,,,,ht,,,,,ht,ht,,,,,,,,,,,,,,,,,dth,ht,,onston,,,ht,,,,,,,,dego,,,ht,ht,,ht,,,,reuni,,,,,ht,kcal,,ctk,,,ht,,ht,,,ht,,,,ht,,,,,juno,,,dxl,,,,,,,,,,axe,,,,,,ht,ht,,,,,ht,ht,,,,,,,,,,swrv,,,
88,,,,,,tkx,,gyen,,tkx,tkx,,amkr,,,,boo,,tkx,,,,,chr,tkx,,,,,,,tkx,,,,,,,,phmn,,fuel,,tkx,,erowan,sfund,,tkx,,,,tkx,,,,,,,,ohm,tkx,,tkx,,fst,tkx,,lqdr,,mrg,,,,,,wchi,tkx,,bibta,,frtn,,,,,,,,,,,,,,,,,tkx,,,,,tkx,tkx,,,,,,,,,,,,,,,,,boss,tkx,,ioi,,,tkx,,,,,,,,sps,,,tkx,tkx,,tkx,,,,pika,,,,,tkx,bcmc,,front,,,tkx,,tkx,,,tkx,,,,tkx,,,,,sdn,,,woof,,,,,,,,,,base,,,,,,tkx,tkx,,,,,tkx,tkx,,,,,,,,,,egg,,,
89,,,,,,lunc,,cream,,lunc,lunc,,amkr,,,,frm,,lunc,,,,,unfi,lunc,,,,,,,lunc,,,,,,,,,,hsc,,lunc,,spirit,orai,,lunc,,,,lunc,,,,,,,,ens,lunc,,lunc,,bir,lunc,,move,,wkava,,,,,,ghx,lunc,,hivewater,,ionx,,,,,,,,,,,,,,,,,lunc,,,,,lunc,lunc,,,,,,,,,,,,,,,,,babyfloki,lunc,,vibe,,,lunc,,,,,,,,cate,,,lunc,lunc,,lunc,,,,pop,,,,,lunc,dogo,,badger,,,lunc,,lunc,,,lunc,,,,lunc,,,,,vite,,,four,,,,,,,,,,battle,,,,,,lunc,lunc,,,,,lunc,lunc,,,,,,,,,,filda,,,
90,,,,,,mina,,acx,,mina,mina,,aren,,,,dyp,,mina,,,,,mbx,mina,,,,,,,mina,,,,,,,,,,dogec,,mina,,zero,aura,,mina,,,,mina,,,,,,,,ankr,mina,,mina,,l2,mina,,1art,,wxdc,,,,,,dark,mina,,raid,,non,,,,,,,,,,,,,,,,,mina,,,,,mina,mina,,,,,,,,,,,,,,,,,ct,mina,,moca,,,mina,,,,,,,,starl,,,mina,mina,,mina,,,,han,,,,,mina,realm,,mim,,,mina,,mina,,,mina,,,,mina,,,,,prq,,,sntr,,,,,,,,,,blaze,,,,,,mina,mina,,,,,mina,mina,,,,,,,,,,gysr,,,
91,,,,,,klay,,lon,,klay,klay,,asnx,,,,insur,,klay,,,,,hft,klay,,,,,,,klay,,,,,,,,,,munt,,klay,,hget,aurabal,,klay,,,,klay,,,,,,,,gmt,klay,,klay,,dex,klay,,fear,,adai,,,,,,rbw,klay,,bhigh,,albt,,,,,,,,,,,,,,,,,klay,,,,,klay,klay,,,,,,,,,,,,,,,,,coshi,klay,,gltr,,,klay,,,,,,,,vee,,,klay,klay,,klay,,,,albt,,,,,klay,wana,,ghst,,,klay,,klay,,,klay,,,,klay,,,,,fuse,,,grape,,,,,,,,,,block-0,,,,,,klay,klay,,,,,klay,klay,,,,,,,,,,wasp,,,
92,,,,,,btt,,stfx,,btt,btt,,asnx,,,,euroe,,btt,,,,,wmt,btt,,,,,,,btt,,,,,,,,,,cns,,btt,,octo,bifi,,btt,,,,btt,,,,,,,,hot,btt,,btt,,htb,btt,,atri,,abusd,,,,,,xed,btt,,bao,,duck,,,,,,,,,,,,,,,,,btt,,,,,btt,btt,,,,,,,,,,,,,,,,,akita,btt,,edda,,,btt,,,,,,,,catgirl,,,btt,btt,,btt,,,,build,,,,,btt,dg,,mnw,,,btt,,btt,,,btt,,,,btt,,,,,ae,,,kzen,,,,,,,,,,jack,,,,,,btt,btt,,,,,btt,btt,,,,,,,,,,bnsd,,,
93,,,,,,cspr,,ichi,,cspr,cspr,,asusd,,,,yak,,cspr,,,,,qanx,cspr,,,,,,,cspr,,,,,,,,,,0xmr,,cspr,,acsi,dia,,cspr,,,,cspr,,,,,,,,glm,cspr,,cspr,,bix,cspr,,elk,,foxt,,,,,,moov,cspr,,bc3m,,astradao,,,,,,,,,,,,,,,,,cspr,,,,,cspr,cspr,,,,,,,,,,,,,,,,,cope,cspr,,metadoge,,,cspr,,,,,,,,fevr,,,cspr,cspr,,cspr,,,,ok,,,,,cspr,avg,,naka,,,cspr,,cspr,,,cspr,,,,cspr,,,,,gbyte,,,cheems,,,,,,,,,,bb,,,,,,cspr,cspr,,,,,cspr,cspr,,,,,,,,,,kawa,,,
94,,,,,,rlb,,math,,rlb,rlb,,asusd,,,,infra,,rlb,,,,,xido,rlb,,,,,,,rlb,,,,,,,,,,fyd,,rlb,,stnd,quick,,rlb,,,,rlb,,,,,,,,yfi,rlb,,rlb,,spirit,rlb,,moda,,zeon,,,,,,rome,rlb,,bcspx,,blkc,,,,,,,,,,,,,,,,,rlb,,,,,rlb,rlb,,,,,,,,,,,,,,,,,honk,rlb,,klo,,,rlb,,,,,,,,nftx,,,rlb,rlb,,rlb,,,,hnd,,,,,rlb,vis,,idex,,,rlb,,rlb,,,rlb,,,,rlb,,,,,soul,,,sail,,,,,,,,,,botx,,,,,,rlb,rlb,,,,,rlb,rlb,,,,,,,,,,ufarm,,,
95,,,,,,gala,,spool,,gala,gala,,atusd,,,,ggp,,gala,,,,,ankreth,gala,,,,,,,gala,,,,,,,,,,plus1,,gala,,tri,nest,,gala,,,,gala,,,,,,,,jasmy,gala,,gala,,zero,gala,,mvd,,evy,,,,,,bpt,gala,,rice,,phtr,,,,,,,,,,,,,,,,,gala,,,,,gala,gala,,,,,,,,,,,,,,,,,bobo,gala,,husl,,,gala,,,,,,,,muse,,,gala,gala,,gala,,,,ib,,,,,gala,dcau,,nxra,,,gala,,gala,,,gala,,,,gala,,,,,xcp,,,sunny,,,,,,,,,,bridge,,,,,,gala,gala,,,,,gala,gala,,,,,,,,,,apy,,,
96,,,,,,sui,,strp,,sui,sui,,atusd,,,,gmd,,sui,,,,,koda,sui,,,,,,,sui,,,,,,,,,,emd,,sui,,tdx,pols,,sui,,,,sui,,,,,,,,alusd,sui,,sui,,acsi,sui,,o3,,svs,,,,,,dhb,sui,,tec,,erowan,,,,,,,,,,,,,,,,,sui,,,,,sui,sui,,,,,,,,,,,,,,,,,chitcat,sui,,mist,,,sui,,,,,,,,gene,,,sui,sui,,sui,,,,shack,,,,,sui,revo,,ata,,,sui,,sui,,,sui,,,,sui,,,,,avt,,,cato,,,,,,,,,,chap,,,,,,sui,sui,,,,,sui,sui,,,,,,,,,,cns,,,
97,,,,,,dydx,,grail,,dydx,dydx,,ausdc,,,,ooe,,dydx,,,,,cqt,dydx,,,,,,,dydx,,,,,,,,,,arq,,dydx,,fsw,quick,,dydx,,,,dydx,,,,,,,,elf,dydx,,dydx,,ptf,dydx,,xrune,,hedg,,,,,,cgg,dydx,,btcbr,,hakka,,,,,,,,,,,,,,,,,dydx,,,,,dydx,dydx,,,,,,,,,,,,,,,,,$chill,dydx,,emon,,,dydx,,,,,,,,wombat,,,dydx,dydx,,dydx,,,,nfte,,,,,dydx,mstr,,asd,,,dydx,,dydx,,,dydx,,,,dydx,,,,,cph,,,ivn,,,,,,,,,,shield,,,,,,dydx,dydx,,,,,dydx,dydx,,,,,,,,,,pacoca,,,
98,,,,,,cbeth,,aidoge,,cbeth,cbeth,,ausdc,,,,roco,,cbeth,,,,,dext,cbeth,,,,,,,cbeth,,,,,,,,,,cash,,cbeth,,wasp,alcx,,cbeth,,,,cbeth,,,,,,,,cdai,cbeth,,cbeth,,tdx,cbeth,,mmy,,hnc,,,,,,ring,cbeth,,unidx,,nft,,,,,,,,,,,,,,,,,cbeth,,,,,cbeth,cbeth,,,,,,,,,,,,,,,,,bleyd,cbeth,,ply,,,cbeth,,,,,,,,botto,,,cbeth,cbeth,,cbeth,,,,xtk,,,,,cbeth,revo,,tbtc,,,cbeth,,cbeth,,,cbeth,,,,cbeth,,,,,brock,,,crp,,,,,,,,,,coinbt,,,,,,cbeth,cbeth,,,,,cbeth,cbeth,,,,,,,,,,dis,,,
99,,,,,,gmx,,hegic,,gmx,gmx,,ausdt,,,,cdt,,gmx,,,,,mrs,gmx,,,,,,,gmx,,,,,,,,,,dvt,,gmx,,zyb,ramp,,gmx,,,,gmx,,,,,,,,sxp,gmx,,gmx,,exm,gmx,,xy,,ctg,,,,,,mbs,gmx,,udt,,ersdl,,,,,,,,,,,,,,,,,gmx,,,,,gmx,gmx,,,,,,,,,,,,,,,,,ass,gmx,,bzn,,,gmx,,,,,,,,$raini,,,gmx,gmx,,gmx,,,,sdl,,,,,gmx,wam,,super,,,gmx,,gmx,,,gmx,,,,gmx,,,,,beam,,,mer,,,,,,,,,,fire,,,,,,gmx,gmx,,,,,gmx,gmx,,,,,,,,,,tenfi,,,
